,type0_str1,type1_str1,type2_str1,type0_str0.3,type1_str0.3,type2_str0.3,type0_str0.1,type1_str0.1,type2_str0.1,type0_str0.03,type1_str0.03,type2_str0.03,type0_str0.01,type1_str0.01,type2_str0.01,type0_str0.003,type1_str0.003,type2_str0.003,type0_str0.001,type1_str0.001,type2_str0.001
0,23.0,2.0,218.0,20.0,4.0,655.0,68.0,3.0,410.0,64.0,4.0,134.0,14.0,3.0,177.0,7.0,4.0,66.0,19.0,3.0,45.0
1,63.0,3.0,356.0,41.0,4.0,292.0,9.0,3.0,325.0,36.0,4.0,266.0,14.0,5.0,117.0,6.0,4.0,41.0,4.0,3.0,28.0
2,31.0,3.0,506.0,51.0,4.0,605.0,34.0,3.0,361.0,6.0,4.0,129.0,10.0,3.0,116.0,5.0,4.0,70.0,4.0,3.0,26.0
3,32.0,3.0,68.0,33.0,4.0,793.0,56.0,5.0,505.0,44.0,4.0,212.0,9.0,4.0,94.0,10.0,4.0,72.0,4.0,3.0,37.0
4,26.0,3.0,1.0,40.0,4.0,299.0,32.0,3.0,904.0,32.0,4.0,217.0,12.0,3.0,74.0,21.0,3.0,54.0,9.0,3.0,8.0
5,218.0,4.0,478.0,81.0,4.0,825.0,37.0,4.0,621.0,25.0,3.0,121.0,36.0,3.0,144.0,5.0,3.0,34.0,4.0,3.0,8.0
6,196.0,7.0,936.0,46.0,4.0,636.0,39.0,3.0,171.0,18.0,4.0,87.0,8.0,3.0,134.0,7.0,4.0,30.0,6.0,3.0,7.0
7,48.0,5.0,67.0,91.0,3.0,384.0,77.0,4.0,208.0,43.0,4.0,139.0,20.0,5.0,242.0,6.0,4.0,60.0,3.0,3.0,25.0
8,114.0,4.0,600.0,23.0,4.0,644.0,48.0,4.0,164.0,63.0,4.0,190.0,13.0,4.0,44.0,5.0,3.0,41.0,4.0,3.0,28.0
9,393.0,3.0,550.0,64.0,4.0,108.0,35.0,4.0,435.0,72.0,3.0,205.0,17.0,4.0,97.0,6.0,4.0,48.0,12.0,3.0,5.0
10,10.0,4.0,410.0,71.0,5.0,450.0,16.0,5.0,186.0,49.0,4.0,189.0,9.0,4.0,108.0,22.0,3.0,46.0,11.0,3.0,24.0
11,0.0,4.0,70.0,80.0,3.0,558.0,41.0,3.0,257.0,74.0,3.0,190.0,25.0,3.0,166.0,6.0,4.0,79.0,3.0,3.0,10.0
12,51.0,3.0,36.0,147.0,4.0,809.0,26.0,4.0,321.0,27.0,3.0,179.0,13.0,4.0,73.0,22.0,3.0,48.0,3.0,3.0,23.0
13,98.0,2.0,269.0,28.0,4.0,497.0,27.0,3.0,93.0,14.0,4.0,257.0,49.0,4.0,146.0,21.0,3.0,29.0,4.0,3.0,16.0
14,4.0,0.0,295.0,44.0,4.0,510.0,94.0,4.0,226.0,6.0,4.0,163.0,21.0,4.0,209.0,18.0,5.0,71.0,7.0,3.0,42.0
15,105.0,4.0,528.0,133.0,4.0,336.0,77.0,5.0,66.0,5.0,3.0,196.0,34.0,4.0,210.0,14.0,4.0,59.0,4.0,3.0,23.0
16,68.0,3.0,275.0,118.0,5.0,109.0,65.0,3.0,438.0,19.0,3.0,178.0,15.0,3.0,129.0,9.0,3.0,66.0,13.0,3.0,20.0
17,87.0,3.0,485.0,61.0,3.0,334.0,40.0,5.0,239.0,12.0,4.0,159.0,5.0,5.0,72.0,13.0,4.0,46.0,5.0,3.0,7.0
18,18.0,4.0,189.0,98.0,18.0,189.0,24.0,4.0,640.0,37.0,4.0,225.0,19.0,4.0,115.0,16.0,3.0,63.0,22.0,3.0,25.0
19,21.0,4.0,935.0,43.0,5.0,816.0,53.0,8.0,424.0,118.0,5.0,300.0,7.0,4.0,112.0,16.0,4.0,48.0,5.0,4.0,7.0
20,23.0,3.0,615.0,173.0,4.0,543.0,17.0,4.0,132.0,24.0,3.0,219.0,16.0,4.0,42.0,26.0,4.0,28.0,16.0,3.0,47.0
21,7.0,3.0,423.0,91.0,3.0,152.0,99.0,3.0,169.0,26.0,3.0,94.0,15.0,4.0,99.0,11.0,3.0,25.0,6.0,3.0,17.0
22,84.0,4.0,1282.0,42.0,3.0,813.0,45.0,3.0,154.0,98.0,4.0,239.0,21.0,3.0,110.0,13.0,4.0,51.0,5.0,3.0,31.0
23,10.0,4.0,319.0,12.0,6.0,327.0,8.0,4.0,155.0,47.0,4.0,324.0,13.0,3.0,156.0,15.0,3.0,62.0,5.0,3.0,49.0
24,4.0,3.0,161.0,42.0,3.0,774.0,124.0,4.0,123.0,36.0,4.0,129.0,6.0,4.0,144.0,11.0,3.0,72.0,4.0,3.0,6.0
25,11.0,4.0,396.0,43.0,4.0,996.0,56.0,4.0,243.0,25.0,4.0,267.0,18.0,3.0,114.0,6.0,5.0,34.0,4.0,3.0,16.0
26,37.0,3.0,97.0,77.0,3.0,462.0,33.0,4.0,687.0,14.0,7.0,201.0,38.0,4.0,147.0,6.0,5.0,32.0,11.0,2.0,27.0
27,95.0,3.0,474.0,167.0,4.0,533.0,31.0,3.0,151.0,34.0,4.0,198.0,15.0,3.0,61.0,5.0,3.0,49.0,8.0,3.0,5.0
28,28.0,4.0,81.0,138.0,4.0,121.0,79.0,5.0,201.0,16.0,4.0,168.0,46.0,3.0,83.0,14.0,4.0,16.0,16.0,4.0,17.0
29,27.0,4.0,546.0,77.0,5.0,365.0,58.0,4.0,133.0,52.0,3.0,300.0,36.0,4.0,86.0,39.0,4.0,75.0,4.0,3.0,22.0
30,10.0,5.0,634.0,22.0,4.0,865.0,41.0,4.0,530.0,39.0,3.0,137.0,22.0,4.0,163.0,8.0,3.0,65.0,5.0,3.0,17.0
31,3.0,2.0,400.0,72.0,3.0,990.0,23.0,5.0,115.0,40.0,4.0,212.0,26.0,3.0,114.0,13.0,4.0,69.0,6.0,4.0,18.0
32,51.0,3.0,344.0,20.0,4.0,233.0,30.0,3.0,233.0,43.0,4.0,255.0,27.0,10.0,44.0,5.0,3.0,112.0,8.0,3.0,24.0
33,48.0,4.0,259.0,49.0,4.0,798.0,38.0,3.0,325.0,32.0,5.0,190.0,9.0,4.0,153.0,7.0,3.0,48.0,9.0,3.0,17.0
34,4.0,3.0,180.0,51.0,3.0,234.0,81.0,3.0,216.0,23.0,3.0,175.0,8.0,4.0,243.0,5.0,4.0,78.0,4.0,3.0,6.0
35,30.0,3.0,419.0,4.0,4.0,838.0,81.0,4.0,156.0,21.0,3.0,189.0,10.0,4.0,134.0,11.0,4.0,70.0,5.0,4.0,25.0
36,64.0,4.0,644.0,141.0,4.0,127.0,67.0,4.0,266.0,35.0,3.0,302.0,70.0,3.0,125.0,9.0,3.0,67.0,5.0,4.0,23.0
37,110.0,4.0,134.0,43.0,5.0,950.0,62.0,5.0,446.0,24.0,3.0,156.0,37.0,3.0,106.0,29.0,3.0,60.0,5.0,4.0,24.0
38,7.0,3.0,72.0,92.0,4.0,234.0,44.0,3.0,168.0,35.0,3.0,126.0,20.0,3.0,117.0,14.0,4.0,24.0,5.0,3.0,28.0
39,97.0,4.0,346.0,29.0,4.0,585.0,72.0,4.0,151.0,42.0,3.0,72.0,13.0,4.0,84.0,39.0,3.0,48.0,27.0,3.0,22.0
40,3.0,3.0,96.0,114.0,3.0,310.0,53.0,7.0,50.0,18.0,4.0,168.0,16.0,4.0,199.0,8.0,3.0,37.0,4.0,3.0,18.0
41,5.0,4.0,287.0,34.0,4.0,509.0,85.0,3.0,262.0,42.0,3.0,329.0,26.0,3.0,145.0,5.0,3.0,55.0,10.0,3.0,39.0
42,83.0,4.0,634.0,5.0,4.0,198.0,51.0,4.0,571.0,60.0,3.0,213.0,10.0,5.0,106.0,9.0,3.0,53.0,4.0,3.0,35.0
43,11.0,4.0,180.0,59.0,3.0,199.0,26.0,4.0,188.0,29.0,4.0,266.0,45.0,3.0,112.0,4.0,3.0,42.0,4.0,3.0,31.0
44,6.0,5.0,510.0,76.0,3.0,991.0,61.0,4.0,705.0,18.0,3.0,277.0,23.0,6.0,89.0,5.0,4.0,66.0,4.0,4.0,8.0
45,10.0,3.0,536.0,23.0,4.0,624.0,67.0,3.0,360.0,66.0,4.0,413.0,17.0,3.0,148.0,8.0,3.0,115.0,7.0,3.0,20.0
46,32.0,4.0,369.0,41.0,3.0,384.0,14.0,5.0,207.0,32.0,12.0,159.0,7.0,4.0,64.0,11.0,4.0,35.0,4.0,3.0,43.0
47,19.0,2.0,64.0,67.0,4.0,1105.0,137.0,4.0,290.0,34.0,4.0,193.0,38.0,5.0,107.0,12.0,4.0,43.0,4.0,4.0,36.0
48,6.0,4.0,498.0,33.0,3.0,860.0,77.0,4.0,243.0,17.0,4.0,193.0,32.0,4.0,85.0,7.0,4.0,47.0,4.0,3.0,32.0
49,42.0,4.0,565.0,70.0,3.0,312.0,32.0,3.0,227.0,25.0,6.0,226.0,23.0,3.0,84.0,15.0,4.0,85.0,17.0,3.0,21.0
50,71.0,3.0,264.0,48.0,5.0,209.0,195.0,3.0,542.0,23.0,3.0,144.0,29.0,3.0,74.0,5.0,4.0,66.0,6.0,3.0,5.0
51,94.0,3.0,244.0,48.0,4.0,875.0,36.0,5.0,416.0,17.0,4.0,97.0,18.0,6.0,123.0,7.0,3.0,31.0,6.0,3.0,22.0
52,39.0,4.0,247.0,60.0,4.0,703.0,81.0,3.0,291.0,44.0,3.0,297.0,22.0,3.0,95.0,10.0,3.0,77.0,4.0,4.0,28.0
53,5.0,4.0,185.0,78.0,3.0,11.0,39.0,4.0,369.0,34.0,3.0,336.0,23.0,4.0,168.0,5.0,3.0,44.0,4.0,4.0,38.0
54,87.0,4.0,0.0,171.0,4.0,621.0,14.0,4.0,201.0,23.0,4.0,197.0,7.0,5.0,75.0,5.0,3.0,50.0,10.0,3.0,19.0
55,86.0,4.0,614.0,41.0,5.0,203.0,41.0,4.0,278.0,50.0,3.0,83.0,30.0,3.0,176.0,4.0,3.0,78.0,6.0,3.0,6.0
56,6.0,0.0,351.0,68.0,5.0,256.0,32.0,4.0,344.0,16.0,4.0,114.0,34.0,3.0,109.0,6.0,3.0,30.0,6.0,3.0,27.0
57,0.0,4.0,461.0,13.0,3.0,358.0,107.0,4.0,796.0,21.0,3.0,163.0,11.0,3.0,95.0,4.0,4.0,69.0,17.0,3.0,25.0
58,4.0,3.0,217.0,23.0,3.0,593.0,22.0,4.0,174.0,47.0,3.0,247.0,29.0,4.0,158.0,5.0,4.0,29.0,4.0,3.0,24.0
59,5.0,3.0,330.0,53.0,3.0,236.0,10.0,3.0,213.0,24.0,3.0,277.0,6.0,3.0,34.0,6.0,4.0,36.0,3.0,4.0,15.0
60,96.0,3.0,548.0,29.0,3.0,1419.0,79.0,5.0,334.0,24.0,3.0,255.0,9.0,3.0,148.0,6.0,3.0,78.0,4.0,3.0,10.0
61,93.0,4.0,188.0,46.0,4.0,253.0,48.0,4.0,540.0,27.0,4.0,151.0,28.0,4.0,89.0,5.0,3.0,70.0,7.0,3.0,23.0
62,8.0,4.0,902.0,223.0,4.0,626.0,46.0,4.0,279.0,71.0,3.0,46.0,31.0,4.0,244.0,10.0,4.0,39.0,12.0,4.0,16.0
63,12.0,2.0,658.0,39.0,4.0,311.0,48.0,4.0,115.0,79.0,5.0,185.0,5.0,3.0,94.0,11.0,3.0,41.0,6.0,3.0,6.0
64,21.0,0.0,696.0,96.0,3.0,331.0,114.0,5.0,400.0,12.0,4.0,489.0,10.0,3.0,162.0,14.0,3.0,36.0,4.0,3.0,5.0
65,31.0,4.0,217.0,316.0,4.0,675.0,29.0,3.0,591.0,40.0,4.0,435.0,27.0,4.0,111.0,9.0,4.0,89.0,4.0,3.0,26.0
66,23.0,4.0,132.0,109.0,4.0,506.0,37.0,3.0,363.0,24.0,4.0,108.0,11.0,3.0,195.0,7.0,4.0,77.0,9.0,2.0,25.0
67,6.0,3.0,677.0,35.0,5.0,219.0,44.0,4.0,238.0,14.0,4.0,133.0,49.0,4.0,111.0,5.0,3.0,62.0,4.0,3.0,5.0
68,39.0,3.0,684.0,45.0,4.0,537.0,17.0,4.0,561.0,111.0,4.0,523.0,33.0,5.0,206.0,6.0,9.0,35.0,10.0,4.0,34.0
69,37.0,3.0,719.0,32.0,4.0,506.0,64.0,5.0,315.0,18.0,3.0,135.0,35.0,4.0,157.0,28.0,3.0,44.0,9.0,3.0,24.0
70,4.0,4.0,573.0,39.0,3.0,154.0,89.0,3.0,94.0,20.0,4.0,90.0,33.0,4.0,115.0,11.0,4.0,76.0,6.0,3.0,24.0
71,1.0,3.0,577.0,27.0,4.0,378.0,73.0,3.0,212.0,22.0,3.0,208.0,6.0,4.0,116.0,9.0,5.0,88.0,4.0,3.0,20.0
72,34.0,4.0,274.0,43.0,3.0,804.0,81.0,6.0,174.0,53.0,4.0,228.0,43.0,4.0,79.0,9.0,4.0,44.0,6.0,3.0,24.0
73,61.0,3.0,396.0,5.0,4.0,376.0,30.0,3.0,207.0,29.0,5.0,159.0,7.0,3.0,154.0,5.0,4.0,57.0,3.0,3.0,33.0
74,39.0,4.0,6.0,31.0,4.0,331.0,19.0,5.0,109.0,24.0,3.0,275.0,25.0,4.0,157.0,11.0,4.0,58.0,4.0,3.0,11.0
75,79.0,5.0,863.0,29.0,3.0,1079.0,100.0,4.0,389.0,44.0,4.0,187.0,12.0,4.0,123.0,5.0,3.0,79.0,4.0,3.0,9.0
76,39.0,3.0,347.0,2.0,3.0,560.0,39.0,6.0,228.0,44.0,3.0,498.0,28.0,4.0,95.0,8.0,4.0,83.0,4.0,3.0,11.0
77,103.0,4.0,53.0,118.0,4.0,156.0,86.0,6.0,127.0,23.0,4.0,188.0,11.0,4.0,59.0,11.0,5.0,59.0,6.0,3.0,21.0
78,186.0,3.0,815.0,21.0,4.0,428.0,28.0,3.0,373.0,59.0,4.0,306.0,29.0,5.0,160.0,5.0,3.0,102.0,5.0,3.0,23.0
79,99.0,4.0,155.0,54.0,3.0,517.0,15.0,3.0,192.0,42.0,4.0,250.0,26.0,4.0,129.0,5.0,4.0,84.0,4.0,3.0,6.0
80,63.0,4.0,176.0,47.0,3.0,167.0,59.0,3.0,193.0,67.0,3.0,213.0,19.0,4.0,141.0,7.0,4.0,23.0,4.0,3.0,31.0
81,33.0,4.0,237.0,41.0,5.0,370.0,28.0,3.0,795.0,17.0,4.0,134.0,11.0,3.0,106.0,13.0,3.0,37.0,13.0,3.0,21.0
82,21.0,3.0,104.0,33.0,3.0,64.0,20.0,3.0,385.0,9.0,3.0,280.0,23.0,5.0,132.0,13.0,3.0,63.0,5.0,3.0,42.0
83,21.0,4.0,468.0,77.0,6.0,698.0,69.0,3.0,191.0,52.0,4.0,446.0,31.0,4.0,136.0,12.0,3.0,32.0,4.0,4.0,8.0
84,89.0,4.0,118.0,4.0,4.0,265.0,26.0,4.0,86.0,75.0,4.0,305.0,6.0,4.0,116.0,18.0,3.0,78.0,4.0,3.0,27.0
85,11.0,4.0,499.0,33.0,4.0,416.0,14.0,4.0,474.0,40.0,3.0,152.0,37.0,4.0,139.0,8.0,5.0,78.0,4.0,4.0,17.0
86,184.0,3.0,263.0,47.0,3.0,236.0,66.0,4.0,632.0,24.0,4.0,179.0,24.0,4.0,65.0,12.0,3.0,35.0,4.0,3.0,19.0
87,4.0,5.0,646.0,23.0,4.0,55.0,52.0,4.0,206.0,21.0,3.0,208.0,5.0,4.0,121.0,7.0,4.0,31.0,5.0,3.0,39.0
88,15.0,3.0,382.0,13.0,4.0,155.0,42.0,5.0,40.0,19.0,4.0,288.0,16.0,4.0,72.0,16.0,3.0,50.0,4.0,3.0,23.0
89,24.0,3.0,696.0,59.0,4.0,318.0,129.0,6.0,456.0,24.0,3.0,243.0,57.0,5.0,199.0,13.0,4.0,42.0,3.0,3.0,12.0
90,19.0,5.0,713.0,39.0,5.0,673.0,121.0,3.0,204.0,16.0,4.0,148.0,34.0,4.0,86.0,19.0,3.0,24.0,19.0,3.0,12.0
91,4.0,3.0,498.0,23.0,4.0,473.0,79.0,5.0,267.0,20.0,5.0,169.0,11.0,5.0,159.0,7.0,4.0,68.0,5.0,3.0,17.0
92,130.0,3.0,351.0,45.0,3.0,447.0,102.0,4.0,207.0,26.0,4.0,95.0,25.0,4.0,70.0,7.0,3.0,37.0,6.0,3.0,16.0
93,64.0,3.0,838.0,82.0,4.0,341.0,72.0,4.0,251.0,25.0,4.0,291.0,42.0,4.0,211.0,15.0,3.0,29.0,4.0,3.0,30.0
94,16.0,2.0,416.0,94.0,4.0,321.0,163.0,4.0,277.0,28.0,3.0,80.0,29.0,4.0,216.0,7.0,4.0,56.0,4.0,4.0,41.0
95,112.0,4.0,480.0,21.0,2.0,360.0,22.0,4.0,196.0,40.0,3.0,98.0,40.0,5.0,91.0,11.0,3.0,68.0,5.0,3.0,42.0
96,65.0,4.0,419.0,63.0,4.0,303.0,47.0,4.0,230.0,90.0,4.0,217.0,21.0,3.0,71.0,6.0,4.0,40.0,13.0,3.0,8.0
97,69.0,4.0,284.0,34.0,4.0,691.0,107.0,6.0,271.0,34.0,4.0,229.0,22.0,4.0,112.0,4.0,4.0,32.0,4.0,3.0,16.0
98,14.0,4.0,220.0,36.0,4.0,374.0,56.0,4.0,192.0,37.0,5.0,104.0,24.0,5.0,222.0,5.0,3.0,58.0,4.0,3.0,8.0
99,33.0,3.0,154.0,141.0,4.0,699.0,31.0,4.0,150.0,32.0,4.0,326.0,5.0,4.0,140.0,6.0,3.0,53.0,6.0,3.0,37.0
100,50.0,3.0,32.0,28.0,4.0,488.0,8.0,3.0,432.0,36.0,4.0,151.0,16.0,4.0,99.0,27.0,3.0,98.0,3.0,3.0,43.0
101,22.0,5.0,97.0,57.0,4.0,370.0,131.0,4.0,335.0,60.0,4.0,64.0,20.0,4.0,271.0,14.0,3.0,85.0,4.0,3.0,11.0
102,71.0,3.0,37.0,30.0,4.0,200.0,32.0,5.0,196.0,7.0,4.0,161.0,21.0,4.0,129.0,6.0,3.0,80.0,5.0,3.0,40.0
103,5.0,4.0,404.0,115.0,3.0,508.0,10.0,4.0,137.0,31.0,4.0,276.0,18.0,4.0,141.0,8.0,3.0,43.0,3.0,4.0,18.0
104,27.0,4.0,229.0,37.0,7.0,217.0,30.0,4.0,296.0,75.0,4.0,190.0,30.0,3.0,88.0,7.0,4.0,22.0,4.0,4.0,12.0
105,16.0,3.0,520.0,67.0,4.0,572.0,7.0,4.0,281.0,32.0,4.0,120.0,15.0,3.0,108.0,4.0,3.0,29.0,4.0,3.0,8.0
106,30.0,3.0,487.0,18.0,4.0,157.0,79.0,4.0,249.0,40.0,4.0,132.0,12.0,3.0,142.0,6.0,3.0,28.0,4.0,3.0,9.0
107,3.0,3.0,153.0,75.0,4.0,201.0,47.0,4.0,120.0,13.0,3.0,249.0,13.0,4.0,139.0,13.0,4.0,60.0,7.0,4.0,10.0
108,8.0,4.0,663.0,51.0,3.0,40.0,22.0,4.0,969.0,42.0,4.0,169.0,26.0,4.0,72.0,5.0,3.0,26.0,4.0,3.0,14.0
109,21.0,4.0,381.0,60.0,5.0,504.0,39.0,4.0,450.0,16.0,4.0,233.0,24.0,4.0,179.0,5.0,3.0,64.0,10.0,3.0,39.0
110,54.0,4.0,57.0,16.0,4.0,731.0,77.0,3.0,257.0,32.0,4.0,177.0,32.0,3.0,110.0,5.0,3.0,18.0,4.0,3.0,12.0
111,26.0,3.0,72.0,53.0,4.0,80.0,41.0,4.0,105.0,15.0,4.0,247.0,26.0,3.0,78.0,12.0,4.0,49.0,5.0,3.0,24.0
112,32.0,3.0,126.0,10.0,4.0,333.0,5.0,4.0,285.0,28.0,4.0,134.0,10.0,3.0,124.0,5.0,3.0,23.0,4.0,4.0,20.0
113,16.0,5.0,518.0,43.0,3.0,325.0,61.0,5.0,374.0,27.0,4.0,148.0,10.0,4.0,121.0,8.0,4.0,92.0,4.0,3.0,6.0
114,5.0,3.0,27.0,58.0,4.0,614.0,27.0,3.0,867.0,21.0,4.0,217.0,13.0,4.0,190.0,7.0,4.0,36.0,4.0,3.0,32.0
115,8.0,3.0,804.0,155.0,4.0,185.0,49.0,3.0,432.0,24.0,4.0,100.0,22.0,3.0,145.0,7.0,3.0,68.0,6.0,3.0,12.0
116,12.0,2.0,815.0,5.0,4.0,207.0,12.0,5.0,100.0,8.0,5.0,147.0,7.0,3.0,94.0,24.0,3.0,73.0,11.0,3.0,22.0
117,57.0,3.0,754.0,103.0,3.0,670.0,60.0,3.0,229.0,9.0,4.0,160.0,51.0,3.0,119.0,7.0,3.0,52.0,4.0,3.0,9.0
118,10.0,4.0,329.0,11.0,4.0,447.0,83.0,4.0,251.0,36.0,4.0,130.0,10.0,3.0,93.0,12.0,4.0,37.0,4.0,3.0,9.0
119,16.0,4.0,298.0,101.0,4.0,431.0,107.0,3.0,336.0,32.0,4.0,546.0,8.0,3.0,132.0,6.0,4.0,46.0,4.0,4.0,21.0
120,32.0,4.0,779.0,77.0,4.0,85.0,103.0,4.0,285.0,22.0,3.0,107.0,25.0,3.0,124.0,5.0,4.0,62.0,4.0,3.0,20.0
121,20.0,3.0,625.0,49.0,4.0,439.0,19.0,4.0,267.0,13.0,3.0,306.0,21.0,3.0,137.0,10.0,4.0,46.0,4.0,3.0,7.0
122,48.0,4.0,190.0,24.0,3.0,156.0,83.0,4.0,162.0,34.0,4.0,241.0,11.0,4.0,115.0,35.0,5.0,46.0,4.0,3.0,15.0
123,78.0,3.0,100.0,56.0,11.0,274.0,20.0,4.0,562.0,61.0,4.0,148.0,5.0,3.0,98.0,5.0,4.0,96.0,4.0,4.0,12.0
124,104.0,4.0,142.0,54.0,5.0,522.0,62.0,3.0,188.0,27.0,3.0,196.0,20.0,5.0,177.0,6.0,3.0,45.0,4.0,3.0,24.0
125,41.0,6.0,354.0,36.0,3.0,160.0,18.0,4.0,208.0,69.0,3.0,88.0,19.0,4.0,162.0,5.0,3.0,36.0,4.0,3.0,48.0
126,84.0,3.0,1113.0,61.0,5.0,1428.0,104.0,4.0,403.0,69.0,3.0,169.0,15.0,5.0,100.0,24.0,5.0,53.0,4.0,3.0,37.0
127,50.0,3.0,233.0,72.0,4.0,493.0,57.0,3.0,103.0,44.0,3.0,182.0,16.0,4.0,96.0,8.0,3.0,41.0,6.0,3.0,32.0
128,66.0,4.0,556.0,181.0,3.0,333.0,38.0,4.0,368.0,39.0,3.0,138.0,18.0,4.0,119.0,13.0,3.0,56.0,4.0,3.0,37.0
129,141.0,3.0,0.0,61.0,4.0,318.0,85.0,4.0,406.0,35.0,4.0,128.0,23.0,4.0,121.0,15.0,3.0,51.0,4.0,3.0,9.0
130,4.0,4.0,162.0,111.0,3.0,630.0,46.0,4.0,479.0,20.0,4.0,198.0,17.0,3.0,99.0,17.0,3.0,113.0,5.0,3.0,21.0
131,2.0,3.0,187.0,57.0,4.0,478.0,53.0,3.0,503.0,52.0,4.0,185.0,46.0,3.0,125.0,6.0,3.0,57.0,10.0,3.0,13.0
132,14.0,3.0,542.0,113.0,4.0,1365.0,17.0,4.0,411.0,34.0,4.0,362.0,28.0,4.0,76.0,5.0,3.0,99.0,4.0,3.0,50.0
133,37.0,3.0,709.0,51.0,3.0,834.0,38.0,4.0,313.0,63.0,4.0,151.0,10.0,3.0,155.0,9.0,3.0,23.0,4.0,3.0,8.0
134,29.0,3.0,359.0,5.0,3.0,33.0,11.0,3.0,546.0,29.0,3.0,171.0,10.0,3.0,76.0,18.0,3.0,72.0,4.0,3.0,26.0
135,28.0,4.0,373.0,44.0,4.0,432.0,59.0,3.0,331.0,25.0,4.0,188.0,24.0,4.0,66.0,16.0,4.0,65.0,5.0,3.0,13.0
136,92.0,3.0,54.0,16.0,3.0,170.0,39.0,4.0,219.0,11.0,4.0,152.0,27.0,4.0,80.0,11.0,4.0,100.0,4.0,3.0,33.0
137,0.0,4.0,61.0,5.0,3.0,506.0,71.0,3.0,115.0,47.0,4.0,133.0,12.0,4.0,71.0,16.0,4.0,22.0,4.0,3.0,14.0
138,24.0,5.0,23.0,47.0,3.0,314.0,36.0,3.0,162.0,24.0,5.0,359.0,36.0,5.0,164.0,5.0,3.0,44.0,6.0,3.0,10.0
139,38.0,3.0,41.0,40.0,3.0,482.0,32.0,5.0,171.0,69.0,5.0,474.0,16.0,4.0,87.0,6.0,4.0,35.0,4.0,4.0,26.0
140,20.0,3.0,264.0,42.0,4.0,120.0,36.0,4.0,711.0,53.0,4.0,160.0,19.0,3.0,108.0,6.0,3.0,33.0,4.0,3.0,23.0
141,24.0,3.0,310.0,23.0,4.0,460.0,73.0,4.0,162.0,57.0,3.0,183.0,44.0,4.0,95.0,6.0,3.0,32.0,4.0,3.0,10.0
142,9.0,4.0,123.0,55.0,3.0,221.0,6.0,4.0,276.0,39.0,4.0,126.0,19.0,3.0,149.0,15.0,4.0,49.0,7.0,3.0,40.0
143,180.0,4.0,528.0,17.0,3.0,490.0,58.0,3.0,314.0,34.0,4.0,113.0,26.0,4.0,121.0,12.0,3.0,46.0,5.0,4.0,10.0
144,40.0,4.0,177.0,7.0,3.0,109.0,19.0,4.0,169.0,8.0,4.0,319.0,8.0,3.0,54.0,6.0,4.0,57.0,4.0,3.0,22.0
145,44.0,4.0,950.0,37.0,4.0,296.0,32.0,5.0,451.0,17.0,4.0,212.0,11.0,4.0,110.0,7.0,4.0,79.0,3.0,3.0,22.0
146,35.0,3.0,118.0,45.0,5.0,88.0,14.0,4.0,137.0,7.0,3.0,162.0,36.0,4.0,154.0,11.0,3.0,33.0,9.0,3.0,39.0
147,117.0,4.0,208.0,43.0,4.0,29.0,28.0,4.0,220.0,26.0,4.0,470.0,26.0,3.0,112.0,5.0,4.0,77.0,4.0,3.0,21.0
148,6.0,5.0,93.0,16.0,3.0,332.0,21.0,4.0,112.0,47.0,3.0,105.0,28.0,3.0,189.0,5.0,3.0,78.0,4.0,4.0,13.0
149,88.0,6.0,219.0,49.0,3.0,244.0,26.0,5.0,419.0,43.0,5.0,268.0,12.0,4.0,123.0,5.0,4.0,56.0,5.0,3.0,28.0
150,13.0,4.0,1500.0,98.0,4.0,433.0,81.0,5.0,184.0,36.0,4.0,150.0,38.0,4.0,74.0,14.0,3.0,31.0,5.0,3.0,20.0
151,7.0,3.0,120.0,24.0,4.0,155.0,21.0,4.0,169.0,37.0,4.0,149.0,34.0,4.0,144.0,36.0,3.0,37.0,4.0,3.0,6.0
152,78.0,4.0,219.0,80.0,3.0,173.0,57.0,3.0,255.0,29.0,5.0,152.0,21.0,4.0,136.0,8.0,3.0,82.0,4.0,4.0,26.0
153,45.0,3.0,89.0,24.0,3.0,977.0,35.0,3.0,457.0,52.0,3.0,132.0,7.0,4.0,89.0,7.0,4.0,51.0,5.0,3.0,25.0
154,100.0,3.0,79.0,60.0,3.0,621.0,42.0,4.0,1115.0,49.0,3.0,100.0,26.0,4.0,180.0,5.0,4.0,49.0,6.0,3.0,10.0
155,12.0,3.0,44.0,137.0,3.0,280.0,112.0,3.0,138.0,31.0,5.0,224.0,18.0,4.0,198.0,10.0,3.0,71.0,6.0,3.0,15.0
156,105.0,4.0,860.0,5.0,4.0,667.0,89.0,4.0,699.0,39.0,3.0,259.0,29.0,3.0,100.0,4.0,4.0,56.0,5.0,3.0,6.0
157,151.0,4.0,326.0,27.0,4.0,158.0,118.0,4.0,710.0,7.0,5.0,313.0,16.0,4.0,88.0,12.0,3.0,74.0,4.0,3.0,12.0
158,31.0,3.0,335.0,44.0,4.0,281.0,64.0,3.0,144.0,17.0,4.0,138.0,21.0,7.0,154.0,5.0,4.0,86.0,4.0,3.0,18.0
159,64.0,4.0,607.0,129.0,3.0,427.0,34.0,4.0,182.0,15.0,3.0,226.0,23.0,4.0,116.0,7.0,4.0,44.0,4.0,4.0,33.0
160,10.0,3.0,104.0,62.0,5.0,965.0,34.0,4.0,505.0,84.0,4.0,332.0,8.0,4.0,188.0,4.0,3.0,54.0,4.0,3.0,19.0
161,14.0,3.0,1134.0,57.0,4.0,504.0,93.0,3.0,149.0,68.0,5.0,166.0,10.0,4.0,86.0,7.0,3.0,45.0,4.0,2.0,21.0
162,6.0,2.0,401.0,151.0,4.0,432.0,22.0,3.0,350.0,6.0,3.0,275.0,20.0,4.0,159.0,23.0,3.0,44.0,5.0,4.0,18.0
163,171.0,3.0,910.0,105.0,4.0,102.0,8.0,3.0,178.0,27.0,4.0,169.0,41.0,4.0,115.0,5.0,5.0,45.0,4.0,3.0,57.0
164,38.0,2.0,570.0,111.0,4.0,658.0,21.0,4.0,225.0,50.0,6.0,237.0,34.0,4.0,113.0,5.0,4.0,77.0,4.0,3.0,12.0
165,4.0,3.0,514.0,35.0,4.0,535.0,24.0,5.0,325.0,11.0,3.0,469.0,49.0,4.0,202.0,4.0,3.0,49.0,5.0,3.0,22.0
166,84.0,5.0,904.0,42.0,3.0,327.0,52.0,4.0,177.0,49.0,3.0,283.0,7.0,4.0,85.0,5.0,4.0,26.0,4.0,3.0,8.0
167,5.0,4.0,615.0,21.0,3.0,352.0,56.0,4.0,152.0,53.0,3.0,411.0,16.0,4.0,71.0,23.0,3.0,52.0,5.0,3.0,18.0
168,26.0,3.0,1500.0,26.0,3.0,452.0,47.0,3.0,214.0,48.0,8.0,329.0,32.0,3.0,70.0,13.0,3.0,77.0,5.0,3.0,10.0
169,66.0,3.0,150.0,33.0,4.0,40.0,23.0,3.0,208.0,67.0,3.0,205.0,34.0,3.0,262.0,10.0,4.0,87.0,5.0,3.0,39.0
170,44.0,4.0,91.0,157.0,11.0,53.0,244.0,4.0,284.0,60.0,3.0,226.0,26.0,4.0,79.0,9.0,3.0,98.0,5.0,3.0,33.0
171,52.0,3.0,0.0,106.0,4.0,836.0,89.0,3.0,365.0,41.0,5.0,271.0,12.0,4.0,75.0,8.0,3.0,48.0,6.0,3.0,49.0
172,9.0,4.0,501.0,28.0,3.0,202.0,28.0,4.0,352.0,46.0,3.0,172.0,12.0,4.0,101.0,13.0,3.0,47.0,7.0,4.0,27.0
173,10.0,4.0,95.0,12.0,4.0,413.0,23.0,5.0,346.0,45.0,4.0,128.0,16.0,3.0,87.0,5.0,3.0,47.0,6.0,3.0,16.0
174,62.0,3.0,912.0,28.0,4.0,66.0,60.0,3.0,145.0,43.0,3.0,184.0,10.0,4.0,101.0,5.0,4.0,53.0,4.0,3.0,43.0
175,45.0,3.0,71.0,89.0,5.0,532.0,31.0,3.0,213.0,33.0,3.0,414.0,14.0,4.0,93.0,6.0,4.0,100.0,4.0,3.0,16.0
176,41.0,3.0,773.0,36.0,3.0,860.0,65.0,4.0,138.0,20.0,4.0,306.0,32.0,3.0,119.0,6.0,3.0,42.0,5.0,3.0,12.0
177,67.0,4.0,139.0,189.0,3.0,412.0,42.0,4.0,461.0,15.0,5.0,162.0,10.0,3.0,124.0,7.0,3.0,44.0,6.0,4.0,32.0
178,9.0,3.0,620.0,200.0,3.0,970.0,42.0,5.0,103.0,6.0,4.0,192.0,15.0,3.0,136.0,7.0,4.0,100.0,9.0,3.0,9.0
179,21.0,3.0,455.0,37.0,4.0,412.0,59.0,4.0,199.0,19.0,3.0,141.0,40.0,3.0,62.0,9.0,3.0,62.0,11.0,5.0,30.0
180,36.0,4.0,634.0,183.0,3.0,263.0,39.0,4.0,356.0,50.0,4.0,147.0,19.0,4.0,185.0,5.0,3.0,56.0,4.0,4.0,28.0
181,35.0,3.0,61.0,43.0,3.0,188.0,54.0,5.0,212.0,33.0,4.0,211.0,19.0,4.0,89.0,16.0,3.0,80.0,6.0,4.0,18.0
182,78.0,3.0,88.0,281.0,4.0,535.0,22.0,3.0,567.0,16.0,3.0,180.0,9.0,3.0,74.0,10.0,3.0,62.0,4.0,3.0,28.0
183,65.0,3.0,343.0,7.0,3.0,243.0,28.0,3.0,363.0,35.0,4.0,240.0,29.0,4.0,125.0,19.0,3.0,45.0,4.0,3.0,16.0
184,29.0,4.0,171.0,12.0,3.0,394.0,102.0,4.0,298.0,71.0,5.0,143.0,9.0,3.0,85.0,26.0,3.0,38.0,4.0,3.0,38.0
185,11.0,4.0,96.0,72.0,4.0,283.0,83.0,3.0,300.0,48.0,4.0,347.0,30.0,4.0,224.0,7.0,4.0,43.0,14.0,4.0,21.0
186,28.0,4.0,299.0,5.0,4.0,285.0,38.0,4.0,265.0,38.0,3.0,290.0,17.0,3.0,169.0,5.0,3.0,77.0,4.0,4.0,26.0
187,59.0,2.0,512.0,24.0,3.0,397.0,81.0,5.0,320.0,59.0,4.0,244.0,14.0,4.0,146.0,5.0,4.0,83.0,5.0,3.0,25.0
188,0.0,3.0,748.0,34.0,3.0,197.0,33.0,4.0,275.0,42.0,5.0,133.0,15.0,5.0,146.0,5.0,3.0,47.0,6.0,3.0,11.0
189,55.0,4.0,277.0,29.0,5.0,331.0,13.0,4.0,214.0,85.0,4.0,92.0,15.0,4.0,118.0,6.0,4.0,47.0,5.0,4.0,11.0
190,61.0,3.0,635.0,81.0,4.0,406.0,7.0,3.0,240.0,41.0,4.0,144.0,26.0,4.0,55.0,9.0,4.0,65.0,6.0,3.0,30.0
191,58.0,3.0,79.0,47.0,4.0,297.0,10.0,4.0,340.0,9.0,4.0,159.0,31.0,3.0,86.0,7.0,3.0,108.0,4.0,4.0,8.0
192,96.0,0.0,125.0,2.0,4.0,154.0,49.0,3.0,230.0,30.0,3.0,279.0,9.0,3.0,118.0,12.0,4.0,26.0,4.0,3.0,27.0
193,92.0,3.0,260.0,88.0,5.0,409.0,115.0,4.0,663.0,14.0,3.0,100.0,8.0,4.0,125.0,12.0,3.0,85.0,15.0,3.0,13.0
194,43.0,2.0,351.0,28.0,4.0,857.0,15.0,4.0,89.0,31.0,4.0,168.0,24.0,3.0,88.0,8.0,3.0,35.0,6.0,3.0,46.0
195,34.0,4.0,429.0,4.0,3.0,620.0,13.0,4.0,439.0,10.0,3.0,454.0,14.0,3.0,90.0,5.0,3.0,74.0,4.0,3.0,26.0
196,16.0,4.0,115.0,114.0,4.0,465.0,70.0,3.0,281.0,28.0,5.0,198.0,11.0,3.0,205.0,14.0,3.0,61.0,4.0,3.0,49.0
197,18.0,4.0,544.0,38.0,4.0,234.0,14.0,3.0,247.0,7.0,4.0,94.0,23.0,3.0,95.0,18.0,3.0,48.0,11.0,3.0,57.0
198,66.0,4.0,490.0,30.0,4.0,698.0,45.0,3.0,273.0,47.0,3.0,134.0,12.0,4.0,90.0,4.0,3.0,56.0,5.0,3.0,32.0
199,52.0,4.0,107.0,59.0,6.0,358.0,56.0,4.0,240.0,36.0,4.0,270.0,29.0,4.0,76.0,7.0,3.0,35.0,4.0,5.0,27.0
200,27.0,4.0,30.0,39.0,4.0,783.0,48.0,3.0,74.0,59.0,5.0,80.0,30.0,3.0,183.0,6.0,4.0,118.0,3.0,3.0,9.0
201,189.0,3.0,932.0,38.0,4.0,336.0,63.0,3.0,648.0,14.0,4.0,171.0,5.0,3.0,155.0,20.0,4.0,31.0,4.0,3.0,40.0
202,5.0,2.0,208.0,64.0,4.0,388.0,15.0,4.0,333.0,22.0,3.0,134.0,16.0,4.0,162.0,7.0,3.0,36.0,4.0,3.0,15.0
203,163.0,4.0,388.0,150.0,4.0,75.0,138.0,4.0,370.0,37.0,5.0,124.0,12.0,3.0,170.0,6.0,3.0,15.0,4.0,4.0,19.0
204,13.0,3.0,110.0,14.0,3.0,442.0,55.0,4.0,226.0,25.0,3.0,204.0,16.0,5.0,165.0,5.0,4.0,99.0,5.0,4.0,16.0
205,84.0,4.0,181.0,94.0,3.0,721.0,74.0,4.0,406.0,42.0,3.0,172.0,15.0,4.0,151.0,11.0,3.0,40.0,5.0,3.0,24.0
206,60.0,5.0,868.0,11.0,4.0,395.0,153.0,4.0,487.0,30.0,4.0,178.0,5.0,3.0,111.0,4.0,3.0,30.0,5.0,4.0,18.0
207,72.0,4.0,9.0,88.0,4.0,369.0,62.0,4.0,470.0,25.0,4.0,318.0,18.0,3.0,126.0,7.0,4.0,77.0,4.0,3.0,36.0
208,88.0,3.0,300.0,11.0,4.0,333.0,49.0,4.0,341.0,56.0,4.0,90.0,5.0,4.0,52.0,5.0,3.0,57.0,4.0,3.0,44.0
209,269.0,4.0,325.0,122.0,3.0,385.0,51.0,5.0,296.0,24.0,4.0,242.0,38.0,4.0,87.0,13.0,4.0,69.0,4.0,3.0,31.0
210,11.0,3.0,1456.0,67.0,3.0,8.0,99.0,3.0,75.0,57.0,4.0,70.0,19.0,3.0,105.0,6.0,4.0,54.0,3.0,3.0,13.0
211,172.0,3.0,209.0,44.0,3.0,263.0,28.0,4.0,187.0,78.0,3.0,265.0,18.0,4.0,192.0,17.0,4.0,48.0,3.0,3.0,20.0
212,43.0,4.0,627.0,38.0,4.0,164.0,48.0,4.0,311.0,18.0,4.0,230.0,34.0,4.0,171.0,6.0,4.0,18.0,12.0,3.0,22.0
213,149.0,3.0,226.0,60.0,4.0,350.0,20.0,4.0,499.0,32.0,4.0,229.0,18.0,4.0,90.0,4.0,3.0,43.0,4.0,4.0,19.0
214,3.0,4.0,173.0,29.0,4.0,159.0,81.0,4.0,189.0,40.0,4.0,488.0,50.0,4.0,84.0,17.0,3.0,70.0,3.0,3.0,49.0
215,3.0,4.0,193.0,84.0,4.0,582.0,40.0,4.0,473.0,11.0,3.0,212.0,28.0,3.0,116.0,16.0,3.0,48.0,4.0,3.0,18.0
216,33.0,2.0,284.0,48.0,4.0,165.0,6.0,4.0,623.0,32.0,3.0,127.0,40.0,3.0,164.0,5.0,3.0,16.0,5.0,3.0,20.0
217,240.0,3.0,896.0,129.0,3.0,990.0,86.0,3.0,121.0,12.0,4.0,88.0,11.0,3.0,166.0,5.0,4.0,38.0,24.0,3.0,17.0
218,78.0,3.0,612.0,47.0,4.0,271.0,78.0,4.0,169.0,30.0,4.0,191.0,8.0,4.0,85.0,7.0,3.0,83.0,5.0,3.0,9.0
219,7.0,3.0,291.0,18.0,3.0,197.0,131.0,4.0,248.0,20.0,5.0,266.0,21.0,4.0,81.0,12.0,4.0,32.0,5.0,3.0,12.0
220,7.0,4.0,23.0,38.0,4.0,63.0,33.0,4.0,302.0,8.0,4.0,263.0,43.0,4.0,139.0,5.0,3.0,47.0,3.0,3.0,19.0
221,5.0,3.0,894.0,26.0,3.0,1122.0,35.0,4.0,320.0,37.0,4.0,200.0,43.0,4.0,214.0,13.0,3.0,32.0,4.0,3.0,18.0
222,6.0,6.0,491.0,65.0,3.0,858.0,36.0,5.0,512.0,26.0,5.0,121.0,8.0,4.0,151.0,6.0,4.0,95.0,4.0,3.0,39.0
223,85.0,0.0,284.0,136.0,4.0,116.0,39.0,3.0,201.0,10.0,5.0,250.0,5.0,4.0,104.0,13.0,3.0,65.0,4.0,3.0,17.0
224,7.0,3.0,401.0,20.0,4.0,629.0,84.0,4.0,225.0,74.0,4.0,120.0,27.0,3.0,124.0,7.0,3.0,44.0,5.0,3.0,52.0
225,45.0,5.0,98.0,21.0,3.0,61.0,9.0,4.0,668.0,21.0,4.0,114.0,27.0,3.0,138.0,8.0,3.0,57.0,4.0,3.0,15.0
226,17.0,4.0,191.0,39.0,4.0,280.0,35.0,4.0,262.0,75.0,3.0,193.0,6.0,3.0,249.0,14.0,3.0,51.0,3.0,3.0,29.0
227,12.0,3.0,903.0,44.0,3.0,100.0,134.0,4.0,219.0,83.0,3.0,159.0,24.0,3.0,78.0,11.0,3.0,44.0,5.0,3.0,32.0
228,4.0,3.0,1184.0,19.0,4.0,357.0,63.0,5.0,222.0,41.0,4.0,185.0,10.0,4.0,141.0,7.0,4.0,62.0,4.0,3.0,14.0
229,13.0,4.0,371.0,22.0,3.0,205.0,41.0,3.0,479.0,24.0,3.0,233.0,12.0,8.0,181.0,15.0,4.0,84.0,9.0,3.0,34.0
230,66.0,4.0,428.0,50.0,3.0,119.0,53.0,5.0,535.0,55.0,4.0,176.0,18.0,4.0,49.0,17.0,6.0,28.0,4.0,3.0,26.0
231,81.0,3.0,145.0,68.0,5.0,118.0,39.0,4.0,446.0,12.0,4.0,207.0,13.0,4.0,404.0,7.0,3.0,47.0,4.0,3.0,18.0
232,181.0,4.0,126.0,46.0,4.0,557.0,19.0,3.0,285.0,30.0,5.0,261.0,52.0,3.0,68.0,5.0,4.0,31.0,3.0,3.0,26.0
233,14.0,3.0,119.0,36.0,4.0,380.0,45.0,3.0,104.0,61.0,3.0,105.0,26.0,4.0,113.0,18.0,3.0,38.0,4.0,3.0,5.0
234,57.0,3.0,457.0,84.0,4.0,174.0,29.0,5.0,206.0,78.0,4.0,185.0,20.0,4.0,165.0,20.0,3.0,68.0,4.0,3.0,7.0
235,26.0,4.0,259.0,32.0,3.0,344.0,4.0,4.0,369.0,35.0,4.0,192.0,44.0,4.0,115.0,25.0,3.0,20.0,4.0,3.0,18.0
236,23.0,3.0,248.0,6.0,4.0,1223.0,51.0,3.0,317.0,42.0,5.0,126.0,9.0,3.0,79.0,11.0,4.0,41.0,5.0,4.0,12.0
237,67.0,4.0,602.0,35.0,4.0,279.0,37.0,3.0,597.0,65.0,5.0,162.0,50.0,4.0,52.0,25.0,4.0,75.0,10.0,3.0,23.0
238,27.0,4.0,207.0,5.0,3.0,176.0,91.0,6.0,121.0,46.0,5.0,124.0,15.0,4.0,108.0,6.0,3.0,50.0,4.0,3.0,33.0
239,0.0,4.0,96.0,18.0,3.0,821.0,21.0,4.0,270.0,11.0,4.0,143.0,18.0,4.0,112.0,13.0,5.0,40.0,4.0,3.0,10.0
240,51.0,4.0,546.0,20.0,3.0,674.0,9.0,3.0,319.0,44.0,3.0,253.0,16.0,3.0,239.0,12.0,3.0,44.0,12.0,3.0,31.0
241,50.0,5.0,44.0,60.0,3.0,352.0,19.0,5.0,380.0,12.0,5.0,283.0,41.0,4.0,105.0,4.0,4.0,69.0,12.0,2.0,35.0
242,106.0,3.0,230.0,28.0,3.0,174.0,52.0,3.0,111.0,31.0,4.0,132.0,42.0,3.0,130.0,18.0,3.0,46.0,4.0,4.0,11.0
243,2.0,4.0,179.0,28.0,3.0,184.0,75.0,4.0,410.0,35.0,3.0,198.0,6.0,4.0,117.0,12.0,4.0,75.0,4.0,3.0,30.0
244,15.0,6.0,821.0,54.0,3.0,312.0,45.0,4.0,358.0,13.0,4.0,121.0,15.0,3.0,101.0,10.0,4.0,39.0,5.0,3.0,43.0
245,23.0,4.0,258.0,15.0,4.0,40.0,18.0,3.0,528.0,19.0,5.0,145.0,22.0,4.0,86.0,13.0,3.0,105.0,8.0,3.0,58.0
246,47.0,3.0,231.0,60.0,4.0,405.0,78.0,4.0,283.0,69.0,3.0,337.0,27.0,4.0,95.0,5.0,3.0,32.0,4.0,4.0,35.0
247,23.0,3.0,140.0,29.0,4.0,360.0,39.0,3.0,339.0,66.0,4.0,245.0,17.0,3.0,135.0,6.0,4.0,39.0,4.0,3.0,22.0
248,399.0,3.0,341.0,71.0,3.0,243.0,115.0,4.0,189.0,50.0,4.0,128.0,16.0,3.0,156.0,7.0,3.0,76.0,6.0,3.0,25.0
249,158.0,3.0,527.0,8.0,3.0,476.0,70.0,4.0,461.0,48.0,4.0,237.0,15.0,3.0,103.0,7.0,4.0,50.0,4.0,4.0,28.0
250,43.0,3.0,411.0,175.0,4.0,279.0,42.0,4.0,388.0,52.0,4.0,137.0,24.0,4.0,105.0,8.0,3.0,49.0,5.0,2.0,18.0
251,85.0,4.0,196.0,161.0,3.0,426.0,22.0,5.0,807.0,34.0,3.0,242.0,5.0,4.0,216.0,5.0,4.0,74.0,6.0,3.0,55.0
252,54.0,4.0,232.0,24.0,4.0,593.0,42.0,3.0,726.0,8.0,4.0,162.0,15.0,3.0,178.0,9.0,4.0,36.0,4.0,3.0,16.0
253,85.0,4.0,308.0,50.0,4.0,263.0,31.0,4.0,185.0,28.0,5.0,142.0,36.0,4.0,139.0,7.0,3.0,66.0,6.0,4.0,9.0
254,5.0,4.0,414.0,43.0,4.0,110.0,51.0,5.0,121.0,18.0,4.0,266.0,6.0,3.0,158.0,5.0,4.0,67.0,4.0,3.0,15.0
255,33.0,4.0,192.0,73.0,4.0,236.0,106.0,3.0,133.0,82.0,4.0,268.0,22.0,3.0,129.0,7.0,4.0,36.0,4.0,3.0,14.0
256,127.0,3.0,188.0,7.0,4.0,306.0,77.0,3.0,156.0,25.0,3.0,146.0,30.0,3.0,113.0,15.0,4.0,39.0,3.0,3.0,27.0
257,54.0,3.0,228.0,15.0,3.0,621.0,41.0,4.0,625.0,20.0,6.0,492.0,20.0,4.0,109.0,13.0,3.0,39.0,4.0,3.0,13.0
258,40.0,0.0,526.0,77.0,4.0,485.0,48.0,4.0,477.0,74.0,4.0,239.0,65.0,3.0,194.0,28.0,3.0,53.0,5.0,4.0,12.0
259,95.0,3.0,280.0,39.0,5.0,258.0,23.0,4.0,293.0,26.0,4.0,116.0,17.0,3.0,106.0,6.0,3.0,42.0,5.0,3.0,10.0
260,125.0,3.0,104.0,25.0,4.0,811.0,80.0,3.0,248.0,21.0,4.0,322.0,43.0,4.0,90.0,5.0,4.0,48.0,4.0,5.0,23.0
261,6.0,5.0,3.0,12.0,4.0,282.0,133.0,4.0,208.0,17.0,4.0,240.0,26.0,3.0,71.0,9.0,3.0,58.0,5.0,4.0,36.0
262,25.0,3.0,818.0,6.0,4.0,301.0,11.0,3.0,315.0,40.0,4.0,117.0,9.0,3.0,96.0,22.0,4.0,30.0,4.0,3.0,13.0
263,4.0,3.0,195.0,13.0,4.0,873.0,45.0,4.0,276.0,48.0,4.0,226.0,20.0,4.0,138.0,6.0,3.0,51.0,4.0,4.0,26.0
264,81.0,2.0,329.0,56.0,4.0,146.0,99.0,5.0,390.0,11.0,5.0,243.0,6.0,3.0,144.0,6.0,4.0,56.0,4.0,3.0,12.0
265,13.0,5.0,1111.0,52.0,4.0,89.0,32.0,4.0,847.0,33.0,3.0,153.0,15.0,3.0,121.0,7.0,5.0,28.0,5.0,4.0,27.0
266,13.0,4.0,756.0,4.0,5.0,294.0,29.0,5.0,240.0,23.0,4.0,200.0,55.0,4.0,192.0,7.0,3.0,22.0,7.0,3.0,20.0
267,107.0,4.0,144.0,102.0,4.0,1280.0,35.0,4.0,217.0,25.0,4.0,157.0,9.0,4.0,112.0,13.0,4.0,48.0,3.0,4.0,22.0
268,17.0,4.0,306.0,52.0,4.0,116.0,133.0,4.0,315.0,17.0,4.0,468.0,6.0,4.0,41.0,8.0,3.0,37.0,8.0,3.0,17.0
269,23.0,3.0,306.0,94.0,4.0,11.0,58.0,4.0,264.0,28.0,3.0,91.0,21.0,3.0,106.0,4.0,3.0,26.0,7.0,3.0,10.0
270,26.0,4.0,599.0,89.0,3.0,358.0,58.0,4.0,177.0,29.0,3.0,237.0,29.0,3.0,143.0,5.0,3.0,43.0,8.0,5.0,34.0
271,4.0,4.0,46.0,12.0,5.0,284.0,38.0,4.0,181.0,12.0,5.0,150.0,25.0,3.0,63.0,6.0,4.0,71.0,4.0,3.0,27.0
272,111.0,4.0,352.0,179.0,4.0,250.0,40.0,4.0,260.0,117.0,3.0,157.0,21.0,4.0,50.0,22.0,3.0,42.0,5.0,3.0,13.0
273,26.0,3.0,112.0,10.0,4.0,296.0,42.0,4.0,480.0,38.0,3.0,223.0,28.0,4.0,146.0,10.0,3.0,33.0,5.0,3.0,11.0
274,34.0,3.0,365.0,77.0,4.0,157.0,34.0,4.0,204.0,8.0,4.0,203.0,30.0,3.0,225.0,10.0,4.0,52.0,11.0,4.0,28.0
275,26.0,3.0,531.0,9.0,4.0,191.0,43.0,5.0,293.0,20.0,4.0,250.0,17.0,6.0,85.0,14.0,4.0,46.0,4.0,3.0,35.0
276,69.0,4.0,265.0,89.0,4.0,337.0,77.0,3.0,195.0,6.0,5.0,263.0,20.0,4.0,122.0,14.0,3.0,90.0,5.0,3.0,8.0
277,56.0,3.0,424.0,8.0,4.0,196.0,14.0,4.0,437.0,25.0,3.0,368.0,16.0,3.0,97.0,33.0,4.0,130.0,4.0,4.0,7.0
278,6.0,3.0,0.0,10.0,3.0,257.0,15.0,4.0,318.0,25.0,4.0,114.0,37.0,3.0,347.0,6.0,4.0,56.0,4.0,2.0,8.0
279,76.0,4.0,0.0,40.0,4.0,167.0,114.0,3.0,455.0,32.0,3.0,202.0,25.0,4.0,67.0,14.0,4.0,99.0,4.0,3.0,21.0
280,25.0,4.0,501.0,326.0,5.0,182.0,6.0,5.0,791.0,50.0,3.0,233.0,13.0,3.0,100.0,5.0,3.0,36.0,3.0,3.0,13.0
281,31.0,3.0,282.0,38.0,3.0,622.0,30.0,3.0,240.0,22.0,3.0,688.0,17.0,4.0,102.0,13.0,3.0,64.0,4.0,3.0,36.0
282,25.0,3.0,23.0,39.0,4.0,214.0,16.0,4.0,268.0,44.0,3.0,176.0,18.0,3.0,123.0,10.0,3.0,56.0,4.0,4.0,21.0
283,44.0,4.0,452.0,37.0,3.0,272.0,6.0,3.0,144.0,19.0,4.0,84.0,10.0,3.0,111.0,22.0,4.0,62.0,5.0,3.0,10.0
284,38.0,3.0,699.0,41.0,4.0,267.0,59.0,5.0,345.0,96.0,3.0,224.0,5.0,4.0,151.0,8.0,4.0,45.0,4.0,3.0,29.0
285,4.0,2.0,0.0,28.0,4.0,305.0,67.0,4.0,234.0,114.0,4.0,161.0,44.0,3.0,65.0,14.0,3.0,126.0,5.0,3.0,18.0
286,108.0,4.0,438.0,27.0,4.0,441.0,40.0,4.0,192.0,52.0,4.0,94.0,28.0,4.0,333.0,5.0,4.0,43.0,4.0,3.0,39.0
287,109.0,4.0,129.0,7.0,4.0,353.0,10.0,3.0,296.0,47.0,5.0,288.0,19.0,3.0,127.0,6.0,3.0,44.0,4.0,3.0,19.0
288,18.0,0.0,420.0,47.0,4.0,716.0,44.0,5.0,124.0,26.0,4.0,371.0,11.0,3.0,116.0,7.0,6.0,28.0,5.0,3.0,21.0
289,74.0,4.0,725.0,52.0,3.0,143.0,51.0,5.0,205.0,16.0,4.0,189.0,15.0,4.0,87.0,8.0,4.0,18.0,6.0,5.0,24.0
290,27.0,4.0,27.0,32.0,3.0,225.0,49.0,3.0,132.0,45.0,4.0,272.0,14.0,3.0,182.0,6.0,3.0,35.0,17.0,3.0,36.0
291,4.0,3.0,280.0,38.0,4.0,605.0,95.0,4.0,300.0,18.0,4.0,84.0,11.0,4.0,47.0,11.0,3.0,115.0,5.0,4.0,23.0
292,88.0,4.0,561.0,112.0,4.0,320.0,12.0,3.0,390.0,6.0,4.0,200.0,5.0,4.0,96.0,5.0,3.0,29.0,4.0,3.0,38.0
293,99.0,3.0,311.0,40.0,4.0,20.0,46.0,3.0,195.0,39.0,3.0,220.0,8.0,3.0,110.0,6.0,3.0,66.0,3.0,3.0,36.0
294,36.0,4.0,136.0,78.0,4.0,58.0,115.0,4.0,466.0,15.0,5.0,109.0,25.0,5.0,138.0,15.0,3.0,64.0,5.0,3.0,6.0
295,27.0,4.0,230.0,40.0,4.0,1001.0,32.0,4.0,429.0,6.0,4.0,226.0,38.0,4.0,235.0,5.0,4.0,24.0,4.0,3.0,14.0
296,7.0,4.0,151.0,77.0,4.0,372.0,30.0,3.0,501.0,13.0,4.0,212.0,33.0,3.0,61.0,8.0,4.0,84.0,4.0,3.0,13.0
297,54.0,3.0,114.0,11.0,5.0,326.0,33.0,3.0,167.0,7.0,4.0,166.0,21.0,3.0,142.0,5.0,4.0,63.0,4.0,3.0,30.0
298,21.0,4.0,59.0,65.0,4.0,1164.0,29.0,4.0,131.0,47.0,4.0,217.0,33.0,4.0,76.0,12.0,4.0,90.0,12.0,4.0,15.0
299,17.0,5.0,288.0,19.0,5.0,266.0,36.0,4.0,192.0,56.0,4.0,202.0,42.0,4.0,140.0,13.0,3.0,48.0,8.0,3.0,30.0
300,10.0,5.0,762.0,33.0,3.0,407.0,22.0,3.0,148.0,7.0,3.0,227.0,6.0,4.0,70.0,9.0,4.0,60.0,4.0,4.0,23.0
301,92.0,4.0,261.0,28.0,3.0,164.0,99.0,4.0,273.0,29.0,4.0,194.0,24.0,5.0,76.0,7.0,3.0,40.0,15.0,3.0,28.0
302,73.0,5.0,205.0,46.0,4.0,561.0,20.0,4.0,331.0,62.0,4.0,137.0,18.0,4.0,172.0,4.0,3.0,57.0,5.0,3.0,15.0
303,38.0,0.0,913.0,33.0,4.0,71.0,48.0,4.0,427.0,115.0,4.0,363.0,30.0,3.0,88.0,16.0,4.0,14.0,5.0,3.0,22.0
304,17.0,3.0,279.0,92.0,4.0,265.0,86.0,4.0,153.0,46.0,3.0,172.0,29.0,4.0,128.0,27.0,4.0,70.0,4.0,3.0,22.0
305,130.0,2.0,354.0,41.0,4.0,685.0,35.0,30.0,289.0,26.0,4.0,248.0,13.0,3.0,81.0,7.0,3.0,115.0,4.0,4.0,48.0
306,82.0,3.0,46.0,142.0,4.0,485.0,6.0,5.0,413.0,16.0,4.0,214.0,45.0,3.0,115.0,8.0,4.0,108.0,6.0,3.0,36.0
307,7.0,4.0,224.0,30.0,4.0,314.0,102.0,4.0,222.0,15.0,4.0,133.0,26.0,3.0,131.0,16.0,4.0,31.0,4.0,3.0,12.0
308,25.0,4.0,771.0,29.0,4.0,488.0,63.0,4.0,194.0,51.0,6.0,223.0,38.0,4.0,86.0,9.0,4.0,47.0,4.0,3.0,20.0
309,44.0,7.0,375.0,24.0,4.0,285.0,10.0,4.0,344.0,35.0,4.0,188.0,31.0,3.0,76.0,5.0,5.0,89.0,5.0,3.0,33.0
310,2.0,4.0,260.0,150.0,3.0,596.0,105.0,4.0,91.0,41.0,3.0,89.0,10.0,4.0,155.0,26.0,3.0,42.0,5.0,4.0,32.0
311,13.0,5.0,160.0,85.0,4.0,502.0,30.0,4.0,486.0,28.0,4.0,223.0,35.0,4.0,106.0,21.0,4.0,48.0,7.0,3.0,43.0
312,134.0,4.0,217.0,35.0,3.0,103.0,21.0,4.0,602.0,47.0,4.0,144.0,5.0,3.0,122.0,5.0,4.0,62.0,4.0,3.0,29.0
313,101.0,4.0,0.0,36.0,4.0,204.0,103.0,3.0,350.0,60.0,4.0,313.0,15.0,3.0,107.0,21.0,3.0,60.0,5.0,4.0,7.0
314,16.0,4.0,775.0,135.0,4.0,241.0,43.0,4.0,269.0,109.0,4.0,214.0,12.0,4.0,208.0,7.0,4.0,36.0,4.0,3.0,19.0
315,7.0,3.0,172.0,64.0,3.0,591.0,11.0,4.0,636.0,92.0,5.0,175.0,10.0,3.0,141.0,8.0,3.0,73.0,4.0,3.0,6.0
316,145.0,4.0,735.0,56.0,3.0,394.0,73.0,6.0,188.0,38.0,5.0,168.0,50.0,5.0,113.0,17.0,3.0,63.0,4.0,4.0,7.0
317,91.0,3.0,143.0,36.0,4.0,38.0,182.0,3.0,993.0,37.0,4.0,185.0,17.0,5.0,70.0,6.0,3.0,40.0,8.0,3.0,18.0
318,2.0,3.0,49.0,23.0,3.0,175.0,28.0,4.0,124.0,25.0,3.0,56.0,11.0,4.0,187.0,13.0,4.0,43.0,4.0,4.0,17.0
319,173.0,3.0,298.0,94.0,3.0,188.0,24.0,3.0,479.0,59.0,4.0,242.0,13.0,4.0,147.0,7.0,3.0,52.0,20.0,3.0,11.0
320,46.0,3.0,416.0,152.0,5.0,187.0,27.0,3.0,386.0,24.0,4.0,91.0,23.0,4.0,158.0,22.0,3.0,50.0,7.0,3.0,8.0
321,6.0,4.0,672.0,276.0,4.0,623.0,13.0,3.0,431.0,32.0,3.0,152.0,28.0,3.0,159.0,15.0,4.0,70.0,10.0,3.0,34.0
322,23.0,3.0,222.0,64.0,3.0,154.0,18.0,4.0,131.0,25.0,3.0,115.0,31.0,4.0,146.0,10.0,5.0,36.0,4.0,4.0,5.0
323,7.0,3.0,904.0,154.0,4.0,364.0,17.0,3.0,369.0,63.0,3.0,119.0,8.0,4.0,156.0,5.0,4.0,56.0,7.0,4.0,11.0
324,22.0,3.0,71.0,144.0,4.0,688.0,72.0,4.0,81.0,37.0,4.0,484.0,37.0,4.0,119.0,9.0,5.0,69.0,4.0,4.0,20.0
325,91.0,4.0,343.0,124.0,4.0,256.0,53.0,4.0,239.0,38.0,4.0,520.0,12.0,4.0,89.0,19.0,4.0,23.0,7.0,3.0,17.0
326,143.0,3.0,120.0,14.0,4.0,685.0,64.0,4.0,393.0,64.0,4.0,471.0,21.0,4.0,146.0,6.0,4.0,54.0,10.0,4.0,33.0
327,45.0,4.0,50.0,107.0,4.0,447.0,68.0,3.0,130.0,9.0,3.0,150.0,27.0,3.0,148.0,17.0,3.0,54.0,6.0,3.0,14.0
328,5.0,4.0,352.0,58.0,3.0,307.0,10.0,3.0,190.0,54.0,4.0,87.0,33.0,5.0,77.0,8.0,3.0,35.0,4.0,3.0,38.0
329,6.0,3.0,160.0,34.0,5.0,1279.0,73.0,3.0,229.0,86.0,4.0,188.0,9.0,3.0,179.0,23.0,3.0,46.0,4.0,3.0,21.0
330,58.0,3.0,567.0,106.0,3.0,585.0,6.0,4.0,251.0,22.0,3.0,239.0,11.0,3.0,121.0,8.0,3.0,48.0,5.0,3.0,16.0
331,22.0,3.0,261.0,65.0,4.0,196.0,51.0,4.0,416.0,46.0,4.0,203.0,50.0,4.0,114.0,21.0,3.0,64.0,4.0,3.0,41.0
332,170.0,3.0,18.0,42.0,3.0,329.0,21.0,5.0,277.0,7.0,4.0,238.0,17.0,4.0,165.0,5.0,3.0,71.0,4.0,3.0,68.0
333,26.0,4.0,669.0,63.0,3.0,238.0,73.0,4.0,404.0,60.0,5.0,116.0,18.0,3.0,54.0,5.0,3.0,98.0,6.0,3.0,13.0
334,59.0,4.0,1500.0,72.0,4.0,783.0,21.0,4.0,344.0,11.0,3.0,150.0,17.0,4.0,177.0,17.0,3.0,48.0,4.0,3.0,22.0
335,26.0,4.0,2.0,15.0,4.0,272.0,27.0,4.0,153.0,44.0,4.0,132.0,25.0,5.0,174.0,5.0,4.0,49.0,6.0,2.0,41.0
336,31.0,3.0,99.0,62.0,4.0,544.0,73.0,4.0,143.0,16.0,5.0,282.0,34.0,4.0,120.0,17.0,3.0,29.0,5.0,3.0,15.0
337,3.0,4.0,390.0,51.0,4.0,189.0,57.0,3.0,157.0,60.0,3.0,172.0,27.0,4.0,70.0,4.0,3.0,20.0,4.0,4.0,18.0
338,185.0,3.0,797.0,25.0,4.0,84.0,55.0,4.0,154.0,10.0,3.0,123.0,16.0,3.0,76.0,10.0,3.0,48.0,4.0,3.0,16.0
339,10.0,4.0,250.0,6.0,7.0,225.0,135.0,4.0,492.0,14.0,4.0,166.0,24.0,4.0,269.0,6.0,3.0,54.0,6.0,3.0,27.0
340,36.0,4.0,89.0,46.0,3.0,385.0,54.0,4.0,370.0,19.0,3.0,121.0,6.0,4.0,101.0,27.0,3.0,32.0,5.0,3.0,49.0
341,57.0,4.0,1044.0,13.0,4.0,158.0,63.0,4.0,278.0,26.0,3.0,84.0,8.0,4.0,112.0,17.0,4.0,31.0,9.0,3.0,25.0
342,95.0,3.0,493.0,53.0,3.0,428.0,52.0,5.0,214.0,53.0,4.0,207.0,19.0,4.0,66.0,12.0,4.0,49.0,5.0,3.0,66.0
343,20.0,3.0,909.0,137.0,3.0,81.0,44.0,4.0,338.0,17.0,3.0,160.0,26.0,3.0,88.0,7.0,5.0,58.0,4.0,3.0,19.0
344,34.0,4.0,552.0,125.0,3.0,300.0,32.0,4.0,125.0,41.0,3.0,84.0,34.0,3.0,295.0,5.0,3.0,42.0,6.0,3.0,11.0
345,29.0,3.0,372.0,31.0,4.0,365.0,22.0,5.0,341.0,56.0,4.0,227.0,42.0,4.0,103.0,6.0,4.0,41.0,4.0,3.0,36.0
346,289.0,3.0,756.0,61.0,3.0,511.0,29.0,4.0,448.0,24.0,5.0,509.0,38.0,4.0,147.0,6.0,4.0,39.0,15.0,3.0,5.0
347,31.0,4.0,216.0,61.0,4.0,80.0,90.0,3.0,205.0,20.0,3.0,476.0,14.0,5.0,154.0,7.0,3.0,87.0,4.0,3.0,11.0
348,96.0,4.0,173.0,47.0,3.0,417.0,29.0,3.0,221.0,10.0,4.0,173.0,30.0,4.0,125.0,7.0,4.0,55.0,4.0,4.0,26.0
349,107.0,3.0,227.0,80.0,4.0,287.0,57.0,4.0,170.0,33.0,3.0,495.0,7.0,4.0,134.0,6.0,3.0,46.0,7.0,3.0,8.0
350,40.0,4.0,494.0,31.0,4.0,175.0,41.0,5.0,185.0,20.0,4.0,186.0,10.0,4.0,73.0,5.0,3.0,52.0,12.0,3.0,9.0
351,33.0,3.0,501.0,53.0,3.0,208.0,72.0,4.0,316.0,20.0,3.0,211.0,14.0,3.0,164.0,4.0,3.0,59.0,5.0,3.0,7.0
352,5.0,4.0,888.0,50.0,6.0,245.0,111.0,5.0,75.0,51.0,4.0,72.0,19.0,4.0,126.0,26.0,4.0,52.0,4.0,4.0,12.0
353,36.0,4.0,969.0,60.0,5.0,412.0,18.0,4.0,201.0,111.0,4.0,499.0,18.0,4.0,133.0,21.0,4.0,52.0,4.0,4.0,31.0
354,137.0,4.0,1005.0,21.0,3.0,359.0,55.0,4.0,170.0,55.0,4.0,485.0,45.0,4.0,148.0,23.0,3.0,48.0,4.0,3.0,31.0
355,36.0,4.0,44.0,37.0,4.0,361.0,69.0,4.0,443.0,60.0,4.0,227.0,42.0,4.0,97.0,8.0,3.0,40.0,10.0,4.0,14.0
356,16.0,4.0,75.0,32.0,5.0,108.0,92.0,3.0,292.0,47.0,4.0,285.0,9.0,5.0,135.0,19.0,3.0,53.0,6.0,2.0,16.0
357,3.0,5.0,467.0,41.0,3.0,401.0,43.0,4.0,179.0,27.0,4.0,541.0,21.0,4.0,121.0,20.0,4.0,38.0,8.0,3.0,12.0
358,13.0,4.0,369.0,9.0,4.0,175.0,84.0,4.0,226.0,36.0,3.0,248.0,27.0,4.0,78.0,4.0,4.0,56.0,4.0,3.0,29.0
359,32.0,4.0,122.0,68.0,3.0,641.0,26.0,3.0,276.0,57.0,4.0,178.0,7.0,4.0,119.0,10.0,3.0,42.0,6.0,4.0,30.0
360,54.0,4.0,230.0,81.0,4.0,456.0,34.0,3.0,222.0,20.0,4.0,195.0,12.0,4.0,79.0,5.0,3.0,44.0,5.0,3.0,29.0
361,46.0,0.0,435.0,95.0,3.0,120.0,53.0,4.0,398.0,18.0,7.0,177.0,12.0,5.0,131.0,7.0,3.0,60.0,5.0,3.0,11.0
362,10.0,3.0,352.0,47.0,4.0,245.0,15.0,4.0,131.0,27.0,3.0,312.0,20.0,3.0,126.0,5.0,3.0,24.0,4.0,3.0,17.0
363,150.0,3.0,164.0,44.0,3.0,387.0,60.0,4.0,368.0,19.0,4.0,266.0,29.0,4.0,100.0,5.0,4.0,56.0,3.0,3.0,24.0
364,140.0,5.0,228.0,87.0,4.0,831.0,9.0,3.0,274.0,57.0,6.0,216.0,31.0,3.0,141.0,8.0,4.0,53.0,4.0,4.0,13.0
365,59.0,4.0,202.0,5.0,6.0,466.0,12.0,3.0,409.0,39.0,3.0,132.0,17.0,3.0,156.0,7.0,5.0,54.0,5.0,3.0,30.0
366,130.0,3.0,551.0,198.0,3.0,78.0,63.0,4.0,502.0,152.0,3.0,41.0,39.0,4.0,262.0,8.0,3.0,78.0,3.0,4.0,12.0
367,49.0,4.0,678.0,119.0,3.0,339.0,95.0,3.0,325.0,34.0,6.0,149.0,46.0,4.0,152.0,33.0,3.0,26.0,10.0,3.0,16.0
368,24.0,4.0,477.0,45.0,5.0,302.0,17.0,4.0,281.0,58.0,4.0,217.0,23.0,4.0,78.0,5.0,3.0,102.0,10.0,4.0,6.0
369,37.0,4.0,261.0,51.0,3.0,306.0,30.0,4.0,187.0,14.0,4.0,226.0,55.0,3.0,96.0,5.0,3.0,57.0,4.0,2.0,11.0
370,70.0,3.0,471.0,67.0,4.0,231.0,14.0,3.0,193.0,9.0,3.0,120.0,28.0,4.0,112.0,6.0,5.0,29.0,9.0,4.0,21.0
371,14.0,4.0,131.0,55.0,4.0,460.0,32.0,3.0,409.0,15.0,5.0,141.0,50.0,4.0,87.0,7.0,4.0,83.0,7.0,3.0,7.0
372,0.0,2.0,198.0,38.0,4.0,275.0,6.0,4.0,292.0,76.0,4.0,145.0,24.0,4.0,60.0,5.0,4.0,57.0,4.0,4.0,20.0
373,62.0,3.0,195.0,32.0,4.0,278.0,23.0,3.0,132.0,42.0,4.0,104.0,25.0,4.0,54.0,4.0,4.0,68.0,9.0,3.0,22.0
374,38.0,3.0,190.0,30.0,3.0,114.0,43.0,3.0,178.0,31.0,4.0,230.0,10.0,3.0,138.0,18.0,4.0,36.0,5.0,4.0,24.0
375,42.0,3.0,365.0,3.0,3.0,167.0,73.0,3.0,278.0,57.0,4.0,177.0,12.0,3.0,79.0,5.0,3.0,62.0,5.0,3.0,22.0
376,23.0,4.0,294.0,45.0,3.0,281.0,67.0,4.0,640.0,32.0,20.0,163.0,34.0,4.0,106.0,14.0,4.0,103.0,6.0,3.0,38.0
377,3.0,3.0,456.0,12.0,4.0,103.0,44.0,5.0,188.0,49.0,5.0,137.0,27.0,4.0,100.0,9.0,4.0,80.0,4.0,3.0,9.0
378,112.0,4.0,0.0,104.0,5.0,359.0,19.0,4.0,122.0,17.0,7.0,145.0,47.0,4.0,255.0,16.0,4.0,38.0,5.0,3.0,35.0
379,20.0,4.0,147.0,50.0,4.0,458.0,37.0,5.0,799.0,19.0,4.0,177.0,13.0,3.0,129.0,14.0,3.0,22.0,9.0,3.0,22.0
380,8.0,4.0,79.0,35.0,4.0,189.0,68.0,3.0,250.0,35.0,3.0,147.0,36.0,3.0,108.0,21.0,3.0,68.0,5.0,3.0,6.0
381,195.0,3.0,284.0,51.0,3.0,271.0,29.0,3.0,244.0,13.0,4.0,126.0,82.0,3.0,132.0,16.0,3.0,32.0,3.0,3.0,6.0
382,0.0,3.0,99.0,33.0,4.0,709.0,84.0,4.0,236.0,70.0,5.0,427.0,23.0,3.0,164.0,12.0,3.0,19.0,29.0,3.0,6.0
383,81.0,3.0,503.0,86.0,3.0,237.0,67.0,4.0,345.0,18.0,12.0,114.0,25.0,3.0,133.0,5.0,4.0,88.0,9.0,3.0,9.0
384,157.0,0.0,365.0,26.0,4.0,340.0,204.0,4.0,303.0,24.0,3.0,279.0,44.0,4.0,94.0,16.0,3.0,50.0,4.0,3.0,13.0
385,58.0,5.0,349.0,72.0,3.0,540.0,129.0,3.0,373.0,15.0,5.0,264.0,39.0,4.0,103.0,13.0,3.0,33.0,5.0,3.0,26.0
386,291.0,4.0,1206.0,48.0,6.0,156.0,53.0,6.0,420.0,27.0,4.0,95.0,29.0,4.0,63.0,14.0,3.0,44.0,10.0,3.0,27.0
387,130.0,3.0,734.0,16.0,3.0,582.0,59.0,3.0,72.0,29.0,3.0,192.0,28.0,3.0,97.0,18.0,4.0,78.0,9.0,3.0,8.0
388,40.0,4.0,11.0,44.0,3.0,93.0,25.0,5.0,459.0,82.0,4.0,184.0,21.0,5.0,114.0,14.0,3.0,58.0,4.0,3.0,7.0
389,4.0,3.0,218.0,96.0,4.0,492.0,66.0,5.0,158.0,7.0,6.0,232.0,8.0,3.0,170.0,16.0,3.0,35.0,4.0,3.0,30.0
390,48.0,4.0,412.0,53.0,4.0,257.0,79.0,4.0,235.0,82.0,4.0,153.0,8.0,4.0,124.0,19.0,3.0,35.0,7.0,4.0,14.0
391,190.0,3.0,148.0,109.0,4.0,835.0,141.0,3.0,365.0,22.0,5.0,279.0,10.0,3.0,135.0,7.0,3.0,35.0,5.0,3.0,29.0
392,129.0,3.0,183.0,46.0,3.0,304.0,35.0,4.0,326.0,73.0,4.0,398.0,12.0,3.0,54.0,5.0,3.0,79.0,8.0,4.0,46.0
393,95.0,3.0,35.0,79.0,3.0,365.0,53.0,4.0,585.0,51.0,4.0,86.0,33.0,4.0,91.0,5.0,3.0,30.0,12.0,3.0,18.0
394,43.0,4.0,123.0,127.0,3.0,163.0,49.0,3.0,578.0,28.0,5.0,194.0,31.0,4.0,117.0,16.0,3.0,52.0,5.0,3.0,9.0
395,82.0,3.0,54.0,136.0,4.0,292.0,35.0,11.0,136.0,29.0,4.0,89.0,44.0,4.0,384.0,6.0,4.0,55.0,4.0,3.0,20.0
396,26.0,3.0,443.0,63.0,5.0,433.0,15.0,4.0,125.0,20.0,4.0,149.0,45.0,4.0,163.0,20.0,4.0,31.0,4.0,4.0,22.0
397,38.0,4.0,984.0,48.0,3.0,463.0,30.0,4.0,173.0,19.0,4.0,289.0,36.0,4.0,81.0,17.0,4.0,104.0,4.0,4.0,15.0
398,4.0,3.0,168.0,6.0,4.0,212.0,21.0,5.0,545.0,52.0,4.0,382.0,5.0,4.0,114.0,8.0,3.0,59.0,5.0,3.0,32.0
399,39.0,3.0,0.0,47.0,4.0,289.0,24.0,4.0,253.0,54.0,4.0,120.0,29.0,3.0,171.0,9.0,4.0,37.0,15.0,3.0,20.0
400,200.0,4.0,138.0,64.0,4.0,191.0,11.0,5.0,323.0,37.0,4.0,110.0,27.0,4.0,202.0,7.0,4.0,28.0,5.0,3.0,29.0
401,104.0,3.0,259.0,64.0,3.0,917.0,37.0,4.0,187.0,10.0,3.0,236.0,39.0,4.0,203.0,5.0,3.0,38.0,4.0,3.0,24.0
402,57.0,3.0,261.0,42.0,4.0,502.0,26.0,3.0,217.0,94.0,3.0,153.0,15.0,3.0,108.0,4.0,3.0,51.0,4.0,3.0,33.0
403,22.0,4.0,1006.0,12.0,4.0,318.0,52.0,4.0,541.0,20.0,3.0,302.0,11.0,3.0,114.0,13.0,3.0,64.0,4.0,3.0,31.0
404,21.0,3.0,176.0,128.0,3.0,215.0,24.0,4.0,604.0,70.0,4.0,199.0,16.0,4.0,53.0,18.0,4.0,76.0,16.0,4.0,9.0
405,72.0,4.0,67.0,81.0,6.0,254.0,19.0,4.0,455.0,30.0,4.0,78.0,38.0,4.0,89.0,18.0,4.0,79.0,4.0,3.0,20.0
406,167.0,3.0,172.0,100.0,4.0,160.0,90.0,4.0,308.0,29.0,4.0,132.0,18.0,3.0,113.0,7.0,4.0,48.0,3.0,3.0,21.0
407,6.0,4.0,745.0,35.0,3.0,340.0,91.0,4.0,253.0,79.0,9.0,127.0,22.0,3.0,76.0,21.0,3.0,29.0,4.0,3.0,22.0
408,129.0,3.0,163.0,61.0,4.0,508.0,94.0,4.0,634.0,49.0,6.0,279.0,22.0,4.0,57.0,7.0,4.0,23.0,5.0,4.0,20.0
409,87.0,3.0,7.0,24.0,3.0,415.0,58.0,3.0,473.0,46.0,4.0,159.0,5.0,4.0,126.0,40.0,4.0,32.0,4.0,4.0,5.0
410,20.0,4.0,1500.0,25.0,4.0,481.0,11.0,3.0,750.0,94.0,3.0,292.0,9.0,4.0,106.0,7.0,4.0,64.0,5.0,4.0,16.0
411,26.0,3.0,193.0,5.0,4.0,314.0,218.0,3.0,863.0,29.0,4.0,210.0,18.0,4.0,246.0,6.0,4.0,41.0,5.0,3.0,25.0
412,52.0,3.0,536.0,4.0,5.0,322.0,4.0,4.0,305.0,13.0,3.0,153.0,11.0,4.0,78.0,11.0,3.0,31.0,5.0,3.0,29.0
413,13.0,6.0,2.0,29.0,4.0,135.0,14.0,3.0,249.0,68.0,5.0,195.0,19.0,3.0,109.0,14.0,4.0,83.0,4.0,3.0,6.0
414,126.0,3.0,530.0,37.0,4.0,250.0,70.0,4.0,367.0,74.0,4.0,174.0,36.0,4.0,216.0,4.0,4.0,64.0,21.0,3.0,20.0
415,62.0,4.0,79.0,82.0,5.0,534.0,56.0,3.0,129.0,69.0,4.0,567.0,24.0,4.0,63.0,6.0,4.0,37.0,5.0,3.0,47.0
416,2.0,3.0,3.0,6.0,4.0,276.0,19.0,3.0,415.0,57.0,4.0,101.0,14.0,3.0,76.0,12.0,4.0,91.0,4.0,3.0,27.0
417,6.0,3.0,37.0,136.0,4.0,298.0,71.0,3.0,307.0,46.0,4.0,283.0,26.0,3.0,86.0,7.0,3.0,72.0,8.0,4.0,42.0
418,4.0,3.0,379.0,9.0,6.0,202.0,94.0,3.0,198.0,79.0,3.0,127.0,28.0,3.0,195.0,13.0,4.0,58.0,4.0,3.0,6.0
419,5.0,4.0,348.0,3.0,3.0,269.0,69.0,4.0,550.0,51.0,4.0,285.0,30.0,3.0,196.0,6.0,4.0,88.0,5.0,3.0,61.0
420,5.0,4.0,438.0,26.0,4.0,684.0,81.0,3.0,126.0,23.0,5.0,159.0,29.0,4.0,88.0,9.0,4.0,55.0,5.0,3.0,16.0
421,85.0,4.0,11.0,95.0,4.0,454.0,163.0,3.0,372.0,85.0,4.0,174.0,6.0,3.0,102.0,7.0,4.0,83.0,4.0,3.0,6.0
422,7.0,3.0,449.0,51.0,4.0,339.0,50.0,4.0,247.0,26.0,3.0,251.0,5.0,4.0,75.0,8.0,5.0,63.0,6.0,3.0,18.0
423,110.0,5.0,245.0,43.0,4.0,307.0,55.0,3.0,189.0,36.0,3.0,141.0,19.0,3.0,42.0,5.0,4.0,38.0,5.0,3.0,30.0
424,6.0,4.0,727.0,124.0,3.0,394.0,12.0,3.0,668.0,58.0,5.0,103.0,70.0,3.0,121.0,5.0,4.0,82.0,5.0,3.0,6.0
425,3.0,3.0,4.0,59.0,4.0,681.0,41.0,5.0,122.0,68.0,4.0,157.0,13.0,4.0,154.0,5.0,3.0,61.0,4.0,3.0,12.0
426,25.0,4.0,589.0,81.0,3.0,138.0,26.0,5.0,454.0,16.0,4.0,373.0,24.0,4.0,82.0,5.0,3.0,19.0,5.0,3.0,12.0
427,23.0,0.0,234.0,12.0,5.0,203.0,48.0,4.0,208.0,15.0,3.0,214.0,16.0,3.0,67.0,4.0,3.0,40.0,9.0,3.0,71.0
428,49.0,4.0,85.0,15.0,3.0,339.0,50.0,4.0,219.0,12.0,4.0,256.0,70.0,4.0,144.0,10.0,3.0,43.0,4.0,3.0,13.0
429,33.0,3.0,4.0,6.0,4.0,144.0,72.0,4.0,93.0,75.0,4.0,144.0,20.0,3.0,87.0,5.0,3.0,85.0,5.0,4.0,17.0
430,113.0,3.0,988.0,23.0,5.0,298.0,125.0,3.0,214.0,42.0,4.0,79.0,36.0,3.0,175.0,7.0,3.0,63.0,4.0,3.0,21.0
431,2.0,0.0,409.0,13.0,3.0,97.0,14.0,3.0,186.0,16.0,4.0,320.0,8.0,4.0,46.0,16.0,4.0,68.0,4.0,3.0,27.0
432,11.0,3.0,486.0,80.0,4.0,313.0,106.0,4.0,301.0,40.0,4.0,107.0,36.0,4.0,159.0,16.0,3.0,39.0,4.0,3.0,7.0
433,171.0,0.0,547.0,12.0,3.0,632.0,63.0,3.0,283.0,47.0,4.0,195.0,17.0,4.0,149.0,8.0,3.0,65.0,5.0,3.0,32.0
434,54.0,4.0,319.0,18.0,4.0,484.0,40.0,3.0,368.0,14.0,3.0,199.0,39.0,4.0,149.0,5.0,4.0,43.0,10.0,3.0,22.0
435,7.0,2.0,64.0,51.0,4.0,345.0,132.0,4.0,134.0,65.0,3.0,285.0,10.0,4.0,108.0,5.0,3.0,30.0,4.0,3.0,10.0
436,7.0,4.0,210.0,50.0,3.0,443.0,17.0,4.0,314.0,72.0,5.0,188.0,15.0,4.0,95.0,11.0,3.0,47.0,4.0,2.0,18.0
437,75.0,6.0,85.0,29.0,4.0,539.0,72.0,3.0,214.0,21.0,4.0,190.0,14.0,3.0,53.0,14.0,4.0,66.0,4.0,3.0,32.0
438,8.0,4.0,808.0,40.0,4.0,604.0,102.0,3.0,181.0,55.0,5.0,336.0,5.0,3.0,112.0,6.0,4.0,32.0,4.0,4.0,6.0
439,103.0,4.0,64.0,38.0,4.0,1245.0,102.0,3.0,295.0,13.0,5.0,281.0,21.0,4.0,120.0,16.0,4.0,90.0,4.0,3.0,26.0
440,12.0,3.0,147.0,72.0,4.0,319.0,78.0,3.0,343.0,35.0,3.0,169.0,13.0,3.0,76.0,5.0,3.0,51.0,4.0,3.0,13.0
441,103.0,6.0,98.0,4.0,3.0,170.0,33.0,3.0,191.0,28.0,4.0,124.0,12.0,3.0,153.0,6.0,4.0,84.0,4.0,3.0,24.0
442,30.0,2.0,339.0,53.0,4.0,384.0,15.0,4.0,249.0,14.0,4.0,148.0,32.0,4.0,123.0,4.0,5.0,50.0,5.0,3.0,47.0
443,25.0,4.0,37.0,109.0,4.0,53.0,149.0,6.0,324.0,64.0,4.0,176.0,12.0,4.0,86.0,13.0,4.0,90.0,3.0,3.0,45.0
444,57.0,3.0,673.0,102.0,4.0,242.0,77.0,3.0,538.0,13.0,4.0,206.0,36.0,4.0,154.0,10.0,3.0,87.0,4.0,3.0,17.0
445,117.0,4.0,243.0,40.0,3.0,433.0,5.0,4.0,358.0,20.0,4.0,72.0,34.0,4.0,75.0,11.0,3.0,37.0,3.0,3.0,13.0
446,21.0,4.0,461.0,6.0,4.0,285.0,80.0,4.0,521.0,50.0,4.0,283.0,31.0,4.0,120.0,16.0,3.0,72.0,3.0,3.0,18.0
447,84.0,5.0,21.0,5.0,4.0,470.0,19.0,3.0,337.0,40.0,4.0,174.0,45.0,4.0,80.0,10.0,3.0,44.0,4.0,3.0,21.0
448,24.0,3.0,1424.0,41.0,4.0,476.0,30.0,4.0,427.0,89.0,4.0,157.0,24.0,4.0,158.0,6.0,3.0,85.0,4.0,4.0,27.0
449,45.0,3.0,80.0,6.0,3.0,488.0,17.0,4.0,694.0,72.0,4.0,395.0,7.0,4.0,85.0,11.0,3.0,66.0,4.0,3.0,14.0
450,59.0,4.0,177.0,8.0,4.0,1185.0,27.0,3.0,750.0,32.0,4.0,419.0,12.0,3.0,147.0,15.0,4.0,131.0,4.0,3.0,30.0
451,16.0,3.0,570.0,90.0,4.0,178.0,31.0,3.0,633.0,49.0,4.0,189.0,31.0,3.0,56.0,7.0,4.0,59.0,4.0,3.0,17.0
452,4.0,5.0,161.0,93.0,3.0,947.0,120.0,4.0,279.0,41.0,5.0,349.0,40.0,4.0,64.0,14.0,4.0,86.0,6.0,3.0,49.0
453,42.0,5.0,647.0,44.0,3.0,148.0,22.0,4.0,453.0,31.0,3.0,430.0,45.0,3.0,131.0,11.0,3.0,53.0,5.0,3.0,21.0
454,48.0,3.0,332.0,58.0,3.0,289.0,55.0,3.0,142.0,52.0,3.0,100.0,8.0,4.0,181.0,10.0,3.0,25.0,5.0,3.0,29.0
455,35.0,2.0,76.0,45.0,4.0,360.0,44.0,3.0,525.0,50.0,4.0,259.0,58.0,3.0,73.0,8.0,4.0,28.0,5.0,3.0,23.0
456,140.0,4.0,380.0,50.0,4.0,331.0,35.0,3.0,228.0,22.0,4.0,285.0,33.0,4.0,177.0,8.0,3.0,92.0,5.0,3.0,17.0
457,0.0,4.0,1067.0,59.0,3.0,232.0,69.0,4.0,427.0,38.0,3.0,154.0,47.0,4.0,119.0,5.0,4.0,60.0,6.0,3.0,21.0
458,82.0,3.0,157.0,111.0,3.0,185.0,24.0,4.0,387.0,17.0,3.0,365.0,16.0,4.0,83.0,12.0,3.0,40.0,12.0,3.0,7.0
459,222.0,4.0,285.0,69.0,4.0,436.0,19.0,5.0,225.0,108.0,3.0,68.0,16.0,4.0,78.0,11.0,3.0,69.0,7.0,3.0,22.0
460,333.0,3.0,563.0,59.0,3.0,161.0,29.0,4.0,91.0,101.0,4.0,210.0,11.0,4.0,187.0,6.0,4.0,66.0,3.0,3.0,30.0
461,52.0,4.0,93.0,11.0,3.0,692.0,60.0,3.0,281.0,43.0,5.0,137.0,25.0,5.0,165.0,19.0,3.0,67.0,8.0,3.0,13.0
462,4.0,4.0,67.0,81.0,4.0,325.0,36.0,4.0,115.0,155.0,3.0,265.0,65.0,4.0,97.0,5.0,3.0,59.0,4.0,3.0,27.0
463,167.0,3.0,28.0,74.0,4.0,988.0,30.0,4.0,217.0,5.0,3.0,322.0,21.0,3.0,95.0,7.0,3.0,42.0,6.0,3.0,5.0
464,18.0,5.0,552.0,200.0,5.0,871.0,56.0,4.0,219.0,23.0,4.0,357.0,16.0,3.0,76.0,9.0,3.0,70.0,5.0,3.0,9.0
465,22.0,4.0,383.0,61.0,3.0,475.0,38.0,4.0,331.0,42.0,6.0,198.0,30.0,4.0,112.0,6.0,4.0,57.0,4.0,4.0,29.0
466,18.0,4.0,371.0,52.0,4.0,302.0,198.0,4.0,171.0,33.0,4.0,255.0,17.0,3.0,151.0,6.0,4.0,34.0,4.0,3.0,6.0
467,157.0,3.0,222.0,179.0,4.0,304.0,101.0,4.0,166.0,32.0,3.0,249.0,36.0,4.0,72.0,13.0,4.0,56.0,5.0,4.0,32.0
468,5.0,4.0,228.0,79.0,6.0,168.0,147.0,3.0,221.0,32.0,4.0,300.0,9.0,4.0,84.0,23.0,4.0,30.0,5.0,4.0,22.0
469,8.0,4.0,275.0,35.0,4.0,113.0,27.0,4.0,567.0,36.0,3.0,138.0,7.0,4.0,131.0,13.0,3.0,50.0,5.0,4.0,13.0
470,4.0,4.0,445.0,89.0,4.0,167.0,66.0,4.0,164.0,25.0,4.0,89.0,45.0,4.0,98.0,21.0,3.0,84.0,4.0,3.0,6.0
471,9.0,3.0,252.0,5.0,4.0,303.0,11.0,5.0,629.0,10.0,4.0,176.0,29.0,3.0,92.0,7.0,4.0,58.0,4.0,3.0,42.0
472,59.0,4.0,522.0,39.0,4.0,235.0,26.0,3.0,569.0,40.0,5.0,266.0,19.0,4.0,134.0,5.0,3.0,26.0,5.0,4.0,12.0
473,61.0,4.0,298.0,25.0,3.0,379.0,24.0,3.0,991.0,126.0,3.0,125.0,7.0,3.0,110.0,43.0,3.0,53.0,6.0,3.0,45.0
474,109.0,3.0,294.0,55.0,4.0,300.0,107.0,5.0,476.0,39.0,3.0,178.0,16.0,3.0,73.0,10.0,4.0,143.0,5.0,3.0,32.0
475,69.0,3.0,122.0,41.0,5.0,451.0,23.0,3.0,372.0,22.0,5.0,194.0,29.0,4.0,62.0,14.0,3.0,73.0,10.0,3.0,20.0
476,36.0,3.0,911.0,90.0,3.0,455.0,22.0,5.0,654.0,24.0,3.0,151.0,19.0,3.0,99.0,5.0,3.0,70.0,5.0,3.0,22.0
477,40.0,3.0,250.0,37.0,3.0,108.0,144.0,5.0,426.0,34.0,4.0,164.0,12.0,3.0,107.0,11.0,5.0,65.0,4.0,2.0,18.0
478,40.0,3.0,260.0,16.0,3.0,207.0,127.0,4.0,361.0,58.0,4.0,327.0,24.0,4.0,174.0,5.0,3.0,73.0,4.0,3.0,15.0
479,6.0,3.0,567.0,74.0,3.0,338.0,29.0,3.0,274.0,20.0,4.0,437.0,26.0,4.0,82.0,25.0,3.0,106.0,15.0,3.0,26.0
480,0.0,3.0,470.0,117.0,3.0,715.0,33.0,4.0,978.0,28.0,4.0,465.0,7.0,3.0,127.0,4.0,3.0,45.0,3.0,3.0,11.0
481,32.0,4.0,449.0,22.0,4.0,123.0,60.0,3.0,501.0,21.0,4.0,472.0,11.0,4.0,69.0,4.0,4.0,57.0,5.0,3.0,68.0
482,52.0,3.0,265.0,27.0,4.0,366.0,23.0,4.0,312.0,18.0,4.0,175.0,26.0,3.0,91.0,14.0,3.0,60.0,4.0,3.0,9.0
483,21.0,3.0,224.0,73.0,3.0,325.0,12.0,4.0,535.0,17.0,3.0,270.0,19.0,3.0,91.0,6.0,3.0,26.0,9.0,3.0,15.0
484,118.0,3.0,702.0,9.0,4.0,298.0,54.0,3.0,683.0,47.0,3.0,288.0,21.0,3.0,63.0,9.0,3.0,128.0,14.0,4.0,10.0
485,5.0,3.0,345.0,49.0,4.0,118.0,35.0,4.0,506.0,30.0,3.0,353.0,16.0,3.0,116.0,5.0,4.0,42.0,5.0,3.0,25.0
486,40.0,3.0,737.0,237.0,4.0,374.0,128.0,4.0,226.0,51.0,3.0,353.0,71.0,5.0,171.0,8.0,3.0,44.0,5.0,3.0,15.0
487,21.0,3.0,193.0,50.0,4.0,236.0,13.0,5.0,267.0,33.0,4.0,96.0,6.0,3.0,134.0,6.0,3.0,46.0,4.0,3.0,18.0
488,7.0,3.0,412.0,23.0,4.0,703.0,24.0,3.0,353.0,9.0,4.0,245.0,20.0,5.0,137.0,8.0,3.0,77.0,12.0,3.0,6.0
489,4.0,4.0,122.0,12.0,4.0,415.0,55.0,4.0,315.0,34.0,4.0,197.0,36.0,4.0,187.0,17.0,4.0,45.0,6.0,3.0,51.0
490,0.0,3.0,370.0,34.0,3.0,446.0,99.0,5.0,218.0,19.0,5.0,161.0,34.0,4.0,163.0,10.0,4.0,39.0,5.0,4.0,18.0
491,4.0,4.0,118.0,49.0,4.0,439.0,76.0,6.0,268.0,68.0,4.0,154.0,10.0,4.0,68.0,9.0,3.0,64.0,5.0,3.0,29.0
492,90.0,4.0,229.0,50.0,3.0,467.0,52.0,5.0,529.0,61.0,5.0,185.0,27.0,3.0,184.0,6.0,4.0,53.0,5.0,3.0,30.0
493,120.0,5.0,210.0,14.0,3.0,215.0,45.0,4.0,274.0,19.0,5.0,279.0,40.0,4.0,103.0,5.0,4.0,60.0,13.0,3.0,22.0
494,5.0,2.0,143.0,28.0,4.0,248.0,75.0,4.0,255.0,43.0,4.0,358.0,35.0,4.0,175.0,13.0,3.0,57.0,18.0,3.0,20.0
495,40.0,3.0,818.0,87.0,3.0,355.0,48.0,3.0,303.0,13.0,3.0,230.0,21.0,4.0,116.0,10.0,3.0,49.0,4.0,6.0,31.0
496,24.0,3.0,85.0,59.0,5.0,760.0,27.0,4.0,255.0,19.0,3.0,183.0,25.0,4.0,168.0,7.0,3.0,55.0,4.0,3.0,9.0
497,208.0,4.0,193.0,15.0,5.0,138.0,9.0,4.0,290.0,17.0,4.0,262.0,36.0,3.0,73.0,20.0,4.0,31.0,4.0,3.0,34.0
498,81.0,2.0,211.0,105.0,4.0,208.0,54.0,4.0,292.0,20.0,3.0,141.0,10.0,3.0,138.0,13.0,3.0,55.0,4.0,3.0,21.0
499,76.0,4.0,417.0,158.0,3.0,915.0,90.0,4.0,62.0,52.0,4.0,321.0,18.0,4.0,132.0,6.0,3.0,45.0,4.0,3.0,19.0
