,str0.3_den0.05,str0.03_den0.5,str0.003_den5.0,str0.3_den0.11,str0.03_den1.1,str0.003_den11.0,str0.3_den0.23,str0.03_den2.3000000000000003,str0.003_den23.0,str0.3_den0.5,str0.03_den5.0,str0.003_den50.0,str0.3_den1.08,str0.03_den10.8,str0.003_den108.0,str0.3_den2.32,str0.03_den23.2,str0.003_den231.99999999999997,str0.3_den5.0,str0.03_den50.0,str0.003_den500.0,str0.3_den10.77,str0.03_den107.69999999999999,str0.003_den1077.0,str0.3_den23.21,str0.03_den232.10000000000002,str0.003_den2321.0
0,0.0,0.0,0.0,0.0,0.0,0.0,0.0,0.0,0.0,0.0,0.0,0.0,64.0,0.0,0.0,82.0,0.0,0.0,163.0,310.0,106.00000000000001,1710.0,1967.9999999999998,565.0000000000001,3518.0,6686.0,6859.0
1,0.0,0.0,0.0,0.0,0.0,0.0,0.0,0.0,0.0,0.0,0.0,0.0,0.0,0.0,0.0,0.0,0.0,0.0,136.0,208.0,99.0,1495.0,1354.0,400.00000000000006,4849.0,7658.0,4676.0
2,0.0,0.0,0.0,0.0,0.0,0.0,0.0,0.0,0.0,0.0,55.0,0.0,0.0,0.0,0.0,180.0,0.0,0.0,360.0,151.0,110.0,753.0,1604.0,862.0,4997.0,8141.0,5588.000000000001
3,0.0,0.0,0.0,0.0,0.0,0.0,0.0,0.0,0.0,0.0,0.0,0.0,0.0,56.00000000000001,0.0,135.0,53.0,0.0,0.0,543.0,54.0,657.0,1336.0,737.0000000000001,4810.0,7834.0,5482.0
4,0.0,0.0,0.0,0.0,0.0,0.0,0.0,0.0,0.0,0.0,0.0,0.0,0.0,0.0,0.0,56.0,0.0,0.0,130.0,262.0,63.0,969.0,1240.0,709.0,4381.0,7200.0,4777.0
5,0.0,0.0,0.0,0.0,0.0,0.0,0.0,0.0,0.0,0.0,0.0,0.0,120.0,0.0,0.0,92.0,0.0,0.0,162.0,219.0,0.0,381.0,1643.0,895.0,5059.0,7165.0,5766.0
6,0.0,0.0,0.0,0.0,0.0,0.0,0.0,0.0,0.0,0.0,0.0,0.0,114.0,0.0,0.0,93.0,75.00000000000001,0.0,167.0,136.0,0.0,1156.0,1133.0,761.0,5733.999999999999,6492.0,6235.0
7,0.0,0.0,0.0,0.0,0.0,0.0,0.0,53.0,0.0,0.0,0.0,0.0,0.0,0.0,0.0,80.0,64.0,0.0,124.0,82.0,0.0,1090.0,1228.0,422.00000000000006,3913.0,7849.0,6701.000000000001
8,0.0,0.0,0.0,0.0,0.0,0.0,0.0,0.0,0.0,0.0,0.0,0.0,0.0,0.0,0.0,62.0,113.0,0.0,169.0,175.0,0.0,1480.9999999999998,1733.0,478.99999999999994,4460.0,8110.0,6084.0
9,0.0,0.0,0.0,0.0,0.0,0.0,0.0,0.0,0.0,0.0,0.0,0.0,0.0,0.0,0.0,58.0,130.0,0.0,322.0,311.0,56.0,664.0,1521.0,564.0,3859.0,7803.0,5814.0
10,70.0,0.0,0.0,0.0,0.0,0.0,0.0,0.0,0.0,0.0,0.0,0.0,0.0,0.0,0.0,140.0,55.00000000000001,0.0,0.0,200.0,51.0,1151.0,1102.9999999999998,933.0000000000001,5249.0,7261.0,6163.0
11,0.0,0.0,0.0,0.0,0.0,0.0,0.0,0.0,0.0,0.0,0.0,0.0,0.0,0.0,0.0,0.0,86.0,0.0,260.0,324.0,150.0,592.0,1507.9999999999998,734.9999999999999,3140.0,7563.0,4871.0
12,0.0,0.0,0.0,0.0,0.0,0.0,0.0,0.0,0.0,0.0,0.0,0.0,84.0,0.0,0.0,190.0,0.0,0.0,596.0,69.0,75.00000000000001,883.0,1017.9999999999999,885.0,3337.0000000000005,8552.0,5027.0
13,0.0,0.0,0.0,0.0,0.0,0.0,0.0,51.0,0.0,60.00000000000001,0.0,0.0,0.0,0.0,0.0,163.0,75.00000000000001,0.0,124.00000000000001,125.0,60.0,803.9999999999999,814.0,1333.0,4497.0,7168.0,5544.0
14,0.0,0.0,0.0,0.0,0.0,0.0,0.0,0.0,0.0,0.0,0.0,0.0,59.0,58.0,0.0,145.0,0.0,0.0,352.0,77.0,0.0,1610.0000000000002,1840.0,457.0,4921.0,8170.0,5660.0
15,0.0,0.0,0.0,0.0,0.0,0.0,0.0,0.0,0.0,0.0,0.0,0.0,0.0,0.0,0.0,53.0,0.0,0.0,251.99999999999997,229.00000000000003,0.0,820.0,1469.0,503.0,3923.0000000000005,6963.0,4986.0
16,0.0,0.0,0.0,0.0,0.0,0.0,0.0,0.0,0.0,0.0,0.0,0.0,0.0,84.00000000000001,0.0,0.0,0.0,0.0,194.00000000000003,90.0,0.0,2074.9999999999995,2187.0,737.0,6425.0,7046.0,5937.0
17,0.0,0.0,0.0,0.0,0.0,0.0,0.0,0.0,0.0,52.0,0.0,0.0,68.0,0.0,0.0,0.0,0.0,0.0,225.0,270.0,0.0,1373.0,1864.0,822.0,6141.0,6505.0,6397.0
18,0.0,0.0,0.0,0.0,0.0,0.0,0.0,0.0,0.0,0.0,0.0,0.0,0.0,66.0,0.0,104.0,58.0,0.0,194.0,78.0,75.0,927.0,1502.0,601.0,3552.0,8372.0,7131.0
19,0.0,0.0,0.0,0.0,0.0,0.0,0.0,0.0,0.0,0.0,0.0,0.0,78.0,0.0,0.0,0.0,57.0,0.0,180.0,72.0,0.0,488.00000000000006,1664.0,762.0,3320.0,7570.0,6254.0
20,0.0,0.0,0.0,0.0,0.0,0.0,58.0,0.0,0.0,0.0,0.0,0.0,136.0,52.0,0.0,254.0,0.0,0.0,551.0,323.0,131.0,1201.9999999999998,1146.0,320.0,3577.0,6780.0,4788.0
21,0.0,0.0,0.0,0.0,0.0,0.0,0.0,0.0,0.0,0.0,0.0,0.0,0.0,0.0,0.0,0.0,0.0,0.0,147.0,90.0,65.0,1407.0,1651.0,778.0,2819.0,6665.000000000001,5521.0
22,0.0,0.0,0.0,0.0,0.0,0.0,0.0,0.0,0.0,53.0,0.0,0.0,0.0,0.0,0.0,0.0,0.0,0.0,169.0,369.00000000000006,0.0,662.9999999999999,952.0,867.0000000000001,3075.0,7497.0,7065.0
23,0.0,0.0,0.0,0.0,0.0,0.0,0.0,0.0,0.0,0.0,0.0,0.0,0.0,0.0,0.0,128.0,0.0,0.0,426.0,122.0,0.0,1427.0,888.0,600.0,3970.0,5621.0,5321.0
24,0.0,0.0,0.0,56.00000000000001,0.0,0.0,79.0,0.0,0.0,54.99999999999999,0.0,0.0,71.0,0.0,0.0,0.0,0.0,0.0,186.0,162.00000000000003,70.0,752.0,996.9999999999999,675.0,5043.0,7442.0,6832.0
25,0.0,0.0,0.0,0.0,0.0,0.0,0.0,0.0,0.0,0.0,0.0,0.0,74.0,0.0,0.0,230.0,119.00000000000001,0.0,658.0,69.0,78.0,894.0,1131.0,728.0,4430.0,7134.0,6275.0
26,0.0,0.0,0.0,0.0,0.0,0.0,0.0,0.0,0.0,0.0,0.0,0.0,132.0,0.0,0.0,171.0,59.0,0.0,148.0,329.99999999999994,0.0,537.0,1182.0,655.9999999999999,4747.0,8296.0,6344.0
27,0.0,0.0,0.0,0.0,0.0,0.0,0.0,0.0,0.0,59.0,0.0,0.0,0.0,56.0,0.0,0.0,74.0,0.0,693.0000000000001,173.0,91.0,1266.0000000000002,1721.0,1110.0,5340.0,8047.0,6239.0
28,0.0,0.0,0.0,0.0,0.0,0.0,0.0,0.0,0.0,0.0,0.0,0.0,99.00000000000001,51.0,0.0,0.0,0.0,0.0,330.0,64.0,141.0,1123.0,881.0,649.0,6479.0,8026.0,5813.0
29,0.0,0.0,0.0,0.0,0.0,0.0,0.0,0.0,0.0,0.0,0.0,0.0,0.0,0.0,0.0,244.0,79.0,0.0,187.0,53.0,88.0,1391.0,1212.0,744.0,5409.0,6381.000000000001,6513.0
30,0.0,0.0,0.0,0.0,0.0,0.0,0.0,0.0,0.0,0.0,0.0,0.0,0.0,0.0,0.0,248.0,80.0,0.0,243.00000000000003,246.00000000000003,134.0,1533.0,1549.9999999999998,618.0,3368.0,8435.0,6643.0
31,0.0,0.0,0.0,0.0,0.0,0.0,0.0,0.0,0.0,0.0,0.0,0.0,91.0,0.0,0.0,115.99999999999999,84.0,0.0,117.0,310.0,72.0,1733.9999999999998,2668.0,818.0000000000001,4102.0,7314.0,7215.0
32,0.0,0.0,0.0,0.0,0.0,0.0,0.0,0.0,0.0,0.0,0.0,0.0,0.0,0.0,0.0,197.0,109.0,0.0,351.0,153.0,0.0,1412.0,1877.0000000000002,441.0,4775.0,7196.0,6176.0
33,0.0,0.0,0.0,0.0,0.0,0.0,0.0,0.0,0.0,0.0,0.0,0.0,68.0,0.0,0.0,0.0,0.0,0.0,543.0,179.00000000000003,77.0,1126.0,1269.0,688.0,3869.9999999999995,8902.0,6266.0
34,0.0,0.0,0.0,60.00000000000001,0.0,0.0,58.0,0.0,0.0,0.0,0.0,0.0,0.0,0.0,0.0,62.0,0.0,0.0,183.0,558.0,52.0,1099.0,1365.0000000000002,889.0,3921.0,6714.0,6726.0
35,0.0,0.0,0.0,0.0,0.0,0.0,0.0,0.0,0.0,0.0,0.0,0.0,290.00000000000006,0.0,0.0,79.0,64.0,0.0,144.0,208.0,108.0,645.0,1148.0,405.0,4642.0,8912.0,5695.0
36,0.0,0.0,0.0,0.0,0.0,0.0,0.0,0.0,0.0,0.0,0.0,0.0,94.0,0.0,0.0,130.0,0.0,0.0,241.00000000000003,246.99999999999997,0.0,1285.0,1292.9999999999998,831.0,4613.0,7445.0,5131.0
37,0.0,0.0,0.0,0.0,0.0,0.0,0.0,0.0,0.0,0.0,0.0,0.0,147.0,54.0,0.0,56.00000000000001,0.0,0.0,385.0,263.0,0.0,1158.0,1489.0,578.0,4857.0,6249.0,5600.0
38,0.0,0.0,0.0,0.0,0.0,0.0,0.0,0.0,0.0,54.0,0.0,0.0,0.0,0.0,0.0,0.0,146.0,0.0,52.0,0.0,88.0,717.0,1420.0,834.0,5437.0,8824.0,6467.0
39,0.0,0.0,0.0,0.0,0.0,0.0,0.0,0.0,0.0,0.0,54.0,0.0,0.0,0.0,0.0,139.0,69.0,0.0,389.0,160.0,0.0,1367.0,1866.0,560.0,6035.0,8250.0,5624.0
40,0.0,0.0,0.0,0.0,0.0,0.0,0.0,0.0,0.0,0.0,0.0,0.0,61.0,0.0,0.0,151.99999999999997,0.0,0.0,195.0,62.0,0.0,1080.0,1249.0,434.0,3819.0000000000005,7115.0,5120.0
41,0.0,0.0,0.0,0.0,0.0,0.0,0.0,0.0,0.0,0.0,0.0,0.0,0.0,0.0,0.0,149.00000000000003,162.0,0.0,233.0,183.0,51.0,954.9999999999999,882.9999999999999,605.0,5750.999999999999,8939.0,5596.0
42,0.0,0.0,0.0,0.0,0.0,0.0,0.0,0.0,0.0,0.0,0.0,0.0,90.0,0.0,0.0,257.99999999999994,59.0,0.0,62.0,372.0,58.0,343.0,980.9999999999999,986.0,4091.0,6406.0,5558.0
43,0.0,0.0,0.0,0.0,0.0,0.0,0.0,0.0,0.0,0.0,0.0,0.0,0.0,0.0,0.0,0.0,69.0,0.0,142.0,163.0,0.0,728.0,1589.0,963.9999999999999,4433.0,7689.0,6606.0
44,0.0,0.0,0.0,0.0,0.0,0.0,0.0,0.0,0.0,0.0,0.0,0.0,0.0,0.0,0.0,142.0,0.0,0.0,495.00000000000006,214.0,0.0,1044.0,1532.0000000000002,642.0,4631.0,8461.0,6172.0
45,0.0,0.0,0.0,0.0,0.0,0.0,0.0,0.0,0.0,0.0,0.0,0.0,72.0,0.0,0.0,165.00000000000003,0.0,0.0,139.0,111.0,77.0,810.9999999999999,1241.0,277.0,5164.0,7106.0,7314.0
46,0.0,0.0,0.0,0.0,0.0,0.0,0.0,0.0,0.0,0.0,0.0,0.0,0.0,0.0,0.0,77.0,52.0,0.0,96.0,53.0,60.99999999999999,717.0000000000001,1034.0,482.99999999999994,4008.0,8903.0,5643.0
47,0.0,0.0,0.0,0.0,0.0,0.0,0.0,0.0,0.0,0.0,0.0,0.0,90.0,0.0,0.0,189.0,0.0,0.0,282.0,69.0,0.0,632.0000000000001,1327.0,528.0,3070.0000000000005,6284.999999999999,5452.0
48,0.0,0.0,0.0,61.00000000000001,0.0,0.0,0.0,0.0,0.0,0.0,0.0,0.0,0.0,0.0,0.0,0.0,0.0,0.0,717.0,243.00000000000003,55.0,1354.0,793.0,1023.0000000000001,6131.0,6616.0,6615.0
49,0.0,0.0,0.0,0.0,0.0,0.0,0.0,0.0,0.0,0.0,0.0,0.0,0.0,0.0,0.0,86.0,72.0,0.0,218.0,368.0,56.0,1016.0,1138.0,487.0,2856.0,7274.0,5518.0
50,0.0,0.0,0.0,0.0,0.0,0.0,0.0,0.0,0.0,0.0,0.0,0.0,187.0,56.0,0.0,62.00000000000001,0.0,0.0,508.0,179.0,71.0,1114.0,1369.0,525.0,4265.0,7778.0,6415.0
51,0.0,0.0,0.0,0.0,0.0,0.0,0.0,0.0,0.0,183.99999999999997,0.0,0.0,0.0,0.0,0.0,0.0,98.00000000000001,0.0,265.99999999999994,138.0,55.0,851.9999999999999,1146.0,791.0,3138.0,6962.0,7498.0
52,0.0,0.0,0.0,0.0,0.0,0.0,0.0,0.0,0.0,0.0,0.0,0.0,0.0,0.0,0.0,51.0,0.0,0.0,200.0,78.0,0.0,1198.0,845.9999999999999,337.0,4441.0,7953.0,6177.999999999999
53,0.0,0.0,0.0,0.0,0.0,0.0,0.0,0.0,0.0,0.0,0.0,0.0,61.0,66.0,0.0,262.0,0.0,0.0,137.0,147.0,101.0,566.0,1721.0,597.0,4563.0,7482.0,6307.0
54,0.0,0.0,0.0,0.0,0.0,0.0,0.0,0.0,0.0,0.0,0.0,0.0,88.0,0.0,0.0,148.0,0.0,0.0,254.0,335.0,54.0,140.99999999999997,1308.0000000000002,482.99999999999994,4366.0,7436.000000000001,7048.0
55,0.0,0.0,0.0,0.0,0.0,0.0,0.0,0.0,0.0,0.0,0.0,0.0,0.0,65.0,0.0,0.0,0.0,0.0,194.0,170.0,56.00000000000001,757.0,1448.0000000000002,605.0,3697.0,8203.0,5411.0
56,0.0,0.0,0.0,0.0,0.0,0.0,0.0,0.0,0.0,0.0,0.0,0.0,69.0,0.0,0.0,63.0,72.0,0.0,497.0,60.00000000000001,134.0,1927.0,1188.0,589.0,4960.000000000001,8011.0,6047.0
57,0.0,0.0,0.0,0.0,0.0,0.0,0.0,0.0,0.0,0.0,0.0,0.0,0.0,0.0,0.0,0.0,0.0,0.0,311.0,327.99999999999994,74.0,558.0,1657.9999999999998,577.0,4547.000000000001,6641.000000000001,6795.0
58,0.0,0.0,0.0,0.0,0.0,0.0,0.0,0.0,0.0,0.0,0.0,0.0,231.0,0.0,0.0,94.0,0.0,0.0,296.0,59.00000000000001,0.0,606.0,1649.0,449.00000000000006,4068.0,6511.0,4493.0
59,0.0,0.0,0.0,0.0,0.0,0.0,0.0,0.0,0.0,0.0,0.0,0.0,118.0,0.0,0.0,105.0,98.0,0.0,197.0,366.0,0.0,785.0000000000001,1155.0,488.99999999999994,4160.0,7767.0,7109.0
60,0.0,0.0,0.0,0.0,0.0,0.0,0.0,0.0,0.0,0.0,0.0,0.0,0.0,0.0,0.0,0.0,110.0,0.0,77.0,283.0,0.0,1471.0000000000002,1402.0000000000002,876.0,5410.0,8796.0,5529.0
61,0.0,0.0,0.0,0.0,0.0,0.0,0.0,0.0,0.0,0.0,0.0,0.0,0.0,0.0,0.0,110.0,0.0,0.0,167.0,201.0,59.0,1115.0,1349.0,600.9999999999999,5405.0,8253.0,6137.0
62,0.0,0.0,0.0,0.0,0.0,0.0,0.0,0.0,0.0,0.0,0.0,0.0,0.0,0.0,0.0,0.0,0.0,0.0,643.0,250.00000000000003,0.0,741.0,1554.0,730.0,4579.000000000001,6566.0,6226.0
63,0.0,0.0,0.0,0.0,0.0,0.0,0.0,0.0,0.0,0.0,0.0,0.0,0.0,0.0,0.0,68.0,0.0,0.0,308.0,474.0,0.0,625.0,1245.0000000000002,683.0,3858.0,7913.0,6448.0
64,0.0,0.0,0.0,122.00000000000001,0.0,0.0,0.0,0.0,0.0,0.0,0.0,0.0,0.0,0.0,0.0,92.0,0.0,0.0,414.0,177.0,0.0,1112.0,1381.0000000000002,690.0,4688.0,7044.0,5526.0
65,0.0,0.0,0.0,0.0,0.0,0.0,0.0,0.0,0.0,0.0,0.0,0.0,0.0,0.0,0.0,179.0,53.0,0.0,94.0,382.0,59.00000000000001,573.0000000000001,1392.0,619.0,4319.0,8825.0,5197.0
66,0.0,0.0,0.0,0.0,0.0,0.0,0.0,0.0,0.0,0.0,56.0,0.0,0.0,0.0,0.0,54.0,107.0,0.0,678.0,310.0,188.0,1429.0,2046.0,1150.0,5590.0,7143.0,6316.0
67,0.0,0.0,0.0,0.0,0.0,0.0,0.0,0.0,0.0,0.0,0.0,0.0,0.0,0.0,0.0,211.0,58.0,74.0,458.0,334.0,0.0,386.0,2283.0,342.00000000000006,4677.0,8201.0,6058.999999999999
68,0.0,0.0,0.0,0.0,0.0,0.0,0.0,0.0,0.0,60.0,0.0,0.0,0.0,0.0,0.0,0.0,0.0,0.0,128.0,67.0,0.0,292.00000000000006,2107.0,765.0000000000001,4847.0,8008.0,6348.0
69,0.0,68.0,0.0,0.0,0.0,0.0,0.0,0.0,0.0,156.0,0.0,0.0,81.0,0.0,0.0,0.0,60.0,0.0,0.0,142.0,171.0,573.0,1168.0,965.0,5428.0,7112.999999999999,7244.0
70,0.0,0.0,0.0,0.0,0.0,0.0,0.0,0.0,0.0,0.0,0.0,0.0,0.0,0.0,0.0,67.0,81.0,0.0,139.0,101.0,71.0,761.0,832.0,623.0,4592.0,7039.0,5149.0
71,0.0,0.0,0.0,0.0,0.0,0.0,0.0,0.0,0.0,0.0,0.0,0.0,74.0,0.0,0.0,222.0,0.0,0.0,294.0,259.0,51.0,1017.0,1248.0,620.0,4870.0,7310.000000000001,5222.0
72,0.0,0.0,0.0,0.0,0.0,0.0,0.0,0.0,0.0,0.0,0.0,0.0,0.0,0.0,0.0,140.0,0.0,0.0,582.0,174.0,0.0,1755.9999999999998,1350.9999999999998,621.0,4242.0,7317.0,6135.0
73,0.0,0.0,0.0,0.0,60.00000000000001,0.0,0.0,0.0,0.0,0.0,0.0,0.0,0.0,0.0,0.0,62.0,54.0,0.0,344.0,367.0,105.0,862.0,807.0,717.9999999999999,4838.0,7009.0,5943.0
74,0.0,0.0,0.0,59.0,0.0,0.0,0.0,0.0,0.0,0.0,0.0,0.0,64.0,53.0,0.0,69.0,56.0,0.0,122.0,261.0,63.0,1007.0000000000001,1467.0,801.0,5275.0,8718.0,5403.0
75,0.0,0.0,0.0,0.0,0.0,0.0,0.0,0.0,0.0,0.0,0.0,0.0,109.0,0.0,0.0,79.0,95.0,0.0,939.9999999999999,129.0,70.0,595.0,903.0,587.0,5563.0,6962.000000000001,6267.0
76,0.0,0.0,0.0,0.0,0.0,0.0,0.0,0.0,0.0,0.0,0.0,0.0,0.0,0.0,0.0,0.0,78.0,0.0,215.0,271.0,0.0,579.0,1442.0,597.9999999999999,3864.0,8065.0,4891.0
77,0.0,0.0,0.0,0.0,0.0,0.0,0.0,0.0,0.0,0.0,0.0,0.0,57.00000000000001,0.0,0.0,0.0,110.0,0.0,353.0,80.0,102.0,1110.0,1124.0,881.0000000000001,4686.0,6899.0,6859.0
78,0.0,0.0,0.0,0.0,0.0,0.0,0.0,0.0,0.0,0.0,0.0,0.0,0.0,0.0,0.0,65.0,55.0,0.0,71.0,135.00000000000003,0.0,746.0,933.0,771.0000000000001,4674.0,7147.0,6858.0
79,0.0,0.0,0.0,0.0,0.0,0.0,0.0,0.0,0.0,0.0,0.0,0.0,65.0,60.00000000000001,0.0,0.0,93.0,0.0,251.99999999999997,241.99999999999997,0.0,975.0,1274.0,750.0000000000001,6549.0,7673.0,5961.999999999999
80,0.0,0.0,0.0,0.0,0.0,0.0,0.0,0.0,0.0,0.0,0.0,0.0,0.0,59.0,0.0,150.0,153.0,0.0,777.0,254.00000000000003,85.0,639.0,1233.0,856.0,3793.0,7831.0,6365.0
81,0.0,0.0,0.0,0.0,0.0,0.0,0.0,0.0,0.0,0.0,66.0,0.0,0.0,0.0,0.0,73.0,53.99999999999999,0.0,261.0,160.0,0.0,144.0,1623.9999999999998,671.0,3683.0,8642.0,5941.0
82,0.0,0.0,0.0,0.0,0.0,0.0,0.0,0.0,0.0,0.0,0.0,0.0,0.0,63.00000000000001,0.0,77.0,72.0,0.0,192.0,454.99999999999994,117.99999999999999,915.9999999999999,999.0000000000001,781.0,3807.0,7223.0,6224.0
83,0.0,0.0,0.0,0.0,0.0,0.0,0.0,0.0,0.0,0.0,0.0,0.0,0.0,0.0,0.0,0.0,126.0,0.0,180.0,304.0,0.0,1947.9999999999998,1540.0,628.0,5059.0,9054.0,4552.0
84,0.0,0.0,0.0,0.0,0.0,0.0,0.0,0.0,0.0,0.0,0.0,0.0,0.0,0.0,0.0,89.0,0.0,0.0,154.0,182.0,83.00000000000001,691.0,1075.0,354.0,4064.0,6813.0,5446.0
85,0.0,0.0,0.0,0.0,0.0,0.0,0.0,0.0,0.0,82.0,0.0,0.0,83.0,0.0,0.0,0.0,0.0,0.0,171.0,0.0,0.0,748.0,1826.9999999999998,774.0,4221.0,7313.0,6953.0
86,0.0,0.0,0.0,0.0,0.0,0.0,0.0,0.0,0.0,0.0,0.0,0.0,59.0,0.0,0.0,113.00000000000001,0.0,0.0,179.0,81.0,81.0,581.0000000000001,834.0,865.0,3704.0,7545.0,6482.0
87,0.0,0.0,0.0,0.0,0.0,0.0,0.0,0.0,0.0,0.0,0.0,0.0,0.0,0.0,0.0,90.0,132.0,0.0,321.0,211.0,129.0,1033.0,1005.9999999999999,731.0,4274.0,9178.0,5531.0
88,0.0,0.0,0.0,0.0,0.0,0.0,0.0,0.0,0.0,0.0,0.0,0.0,0.0,0.0,0.0,55.0,66.0,0.0,52.0,192.0,0.0,1346.0,1579.0000000000002,674.9999999999999,6545.999999999999,8126.0,5467.0
89,0.0,0.0,0.0,0.0,0.0,0.0,0.0,0.0,0.0,0.0,0.0,0.0,0.0,0.0,0.0,297.0,83.0,0.0,154.0,372.99999999999994,123.0,1152.0,1205.0,534.0,3649.0,8587.0,6215.0
90,0.0,0.0,0.0,0.0,0.0,0.0,0.0,0.0,0.0,0.0,51.0,0.0,0.0,0.0,0.0,53.0,0.0,68.0,346.0,257.0,0.0,834.0000000000001,1561.0,574.0,4599.0,7154.0,6257.0
91,0.0,0.0,0.0,0.0,0.0,0.0,0.0,0.0,0.0,0.0,0.0,0.0,0.0,0.0,0.0,0.0,0.0,0.0,154.0,164.0,0.0,1022.0,1333.0,746.0,4665.0,7038.999999999999,4933.0
92,0.0,0.0,0.0,0.0,0.0,0.0,0.0,74.0,0.0,0.0,0.0,0.0,53.0,0.0,0.0,0.0,61.99999999999999,0.0,186.0,242.0,72.0,1051.9999999999998,1242.0,808.0,5529.0,7925.000000000001,6832.0
93,0.0,0.0,0.0,0.0,0.0,0.0,0.0,0.0,0.0,0.0,0.0,0.0,0.0,0.0,0.0,74.0,0.0,0.0,280.0,87.0,56.99999999999999,1217.0,1162.0,825.0,3554.0,7065.999999999999,6295.0
94,0.0,0.0,0.0,0.0,0.0,0.0,64.0,0.0,0.0,0.0,0.0,0.0,160.0,0.0,0.0,308.0,0.0,0.0,376.0,126.00000000000001,62.0,923.0,1496.0,582.0,4283.0,7531.0,4559.0
95,0.0,0.0,0.0,0.0,0.0,0.0,0.0,0.0,0.0,0.0,0.0,0.0,0.0,0.0,0.0,134.0,0.0,0.0,185.0,120.0,0.0,1196.0,1279.0,765.0,3166.0,7664.0,5718.0
96,0.0,0.0,0.0,0.0,0.0,0.0,0.0,0.0,0.0,74.0,0.0,0.0,0.0,0.0,0.0,79.0,110.0,0.0,327.0,217.0,120.0,280.0,709.0,643.0,5654.0,7925.0,6612.0
97,0.0,0.0,0.0,0.0,0.0,0.0,0.0,0.0,0.0,0.0,0.0,0.0,84.0,53.0,0.0,65.0,0.0,0.0,0.0,266.0,53.00000000000001,1210.0,929.0,500.99999999999994,4005.0,7932.0,5749.0
98,0.0,0.0,0.0,0.0,0.0,0.0,0.0,0.0,0.0,0.0,0.0,0.0,55.0,0.0,0.0,110.99999999999999,198.0,0.0,276.0,106.99999999999999,0.0,1263.0,1647.0,928.0,4015.0,7314.0,5218.0
99,0.0,0.0,0.0,0.0,0.0,0.0,0.0,0.0,0.0,53.0,0.0,0.0,55.0,0.0,0.0,222.0,91.0,0.0,513.0,413.00000000000006,51.0,1369.0,1305.0,832.0000000000001,3500.0,8219.0,7153.0
100,0.0,0.0,0.0,0.0,0.0,0.0,0.0,0.0,0.0,0.0,0.0,0.0,0.0,0.0,0.0,182.0,53.0,0.0,129.0,417.0,63.0,861.0000000000001,1709.0,535.0,5021.000000000001,7107.0,6357.0
101,0.0,0.0,0.0,0.0,0.0,0.0,0.0,0.0,0.0,0.0,0.0,0.0,55.00000000000001,0.0,0.0,0.0,120.0,0.0,687.0,176.0,0.0,1404.0,1419.0,768.9999999999999,4401.0,7175.0,5777.0
102,66.0,0.0,0.0,0.0,0.0,0.0,0.0,0.0,0.0,120.0,0.0,0.0,0.0,0.0,0.0,0.0,80.0,0.0,276.0,127.99999999999999,0.0,1400.0,1231.0,558.0,6963.0,7503.000000000001,6029.0
103,0.0,0.0,0.0,0.0,0.0,0.0,0.0,0.0,0.0,0.0,0.0,0.0,0.0,0.0,0.0,139.0,56.0,0.0,377.0,345.0,0.0,717.0,1371.0,591.0,3804.0,7665.0,5347.0
104,0.0,0.0,0.0,0.0,0.0,0.0,0.0,0.0,0.0,0.0,0.0,0.0,0.0,0.0,0.0,0.0,112.0,0.0,165.99999999999997,122.0,51.0,2242.0,1265.0,633.0,4382.0,8447.0,6456.0
105,0.0,0.0,0.0,0.0,0.0,0.0,0.0,0.0,0.0,0.0,0.0,0.0,0.0,0.0,0.0,55.0,0.0,0.0,222.0,201.0,60.0,549.0,1174.0,668.0,5453.0,7823.0,5922.0
106,0.0,0.0,0.0,0.0,0.0,0.0,0.0,0.0,0.0,0.0,0.0,0.0,100.0,0.0,0.0,179.0,0.0,0.0,187.0,197.0,54.0,566.0,834.0,825.0000000000001,4132.999999999999,6901.0,6204.0
107,0.0,0.0,0.0,0.0,0.0,0.0,0.0,0.0,0.0,0.0,0.0,0.0,0.0,0.0,0.0,0.0,0.0,0.0,147.0,138.0,134.0,567.0,1084.0,528.0,5449.0,6812.0,5727.0
108,0.0,0.0,0.0,0.0,0.0,0.0,0.0,0.0,0.0,0.0,0.0,0.0,0.0,0.0,0.0,0.0,62.0,0.0,271.0,70.0,56.0,1341.0000000000002,1603.0,511.00000000000006,4201.0,7462.0,6961.0
109,0.0,0.0,0.0,170.0,0.0,0.0,0.0,0.0,0.0,0.0,0.0,0.0,0.0,0.0,0.0,0.0,0.0,0.0,154.0,427.0,0.0,144.0,2667.0,595.0,5459.0,8553.0,6144.0
110,0.0,0.0,0.0,0.0,0.0,0.0,0.0,0.0,0.0,0.0,0.0,0.0,0.0,0.0,0.0,54.0,80.0,0.0,128.0,131.0,0.0,364.0,1377.0,836.0,4131.0,7620.0,5886.999999999999
111,0.0,0.0,0.0,0.0,0.0,0.0,0.0,0.0,0.0,0.0,0.0,0.0,83.0,0.0,0.0,0.0,0.0,0.0,159.0,284.0,117.0,1004.0000000000001,1480.0,554.0,5231.0,6601.0,7075.999999999999
112,0.0,0.0,0.0,0.0,0.0,0.0,0.0,0.0,0.0,57.0,0.0,0.0,57.0,67.0,0.0,343.0,0.0,0.0,67.0,304.0,136.00000000000003,1132.0,1252.0,427.0,2875.0,8226.0,5208.0
113,0.0,0.0,0.0,0.0,0.0,0.0,62.0,0.0,0.0,0.0,0.0,0.0,0.0,0.0,0.0,51.0,0.0,0.0,267.0,140.0,0.0,1771.0,1376.0,815.0,3110.0,8829.0,5665.0
114,0.0,0.0,0.0,0.0,0.0,0.0,0.0,0.0,0.0,0.0,0.0,0.0,0.0,0.0,0.0,0.0,0.0,0.0,351.0,333.0,0.0,984.9999999999999,1298.0000000000002,597.9999999999999,2601.0,8096.0,6194.0
115,0.0,0.0,0.0,0.0,0.0,0.0,0.0,0.0,0.0,0.0,0.0,0.0,0.0,0.0,0.0,86.0,0.0,0.0,239.00000000000003,122.00000000000001,0.0,689.0,820.0,813.0,4927.0,8052.0,6866.0
116,0.0,0.0,0.0,0.0,0.0,0.0,0.0,0.0,0.0,0.0,0.0,0.0,0.0,52.0,0.0,0.0,0.0,0.0,152.0,384.0,0.0,908.0,2075.0,533.0,4592.0,8266.0,4899.0
117,0.0,0.0,0.0,54.0,0.0,0.0,0.0,0.0,0.0,0.0,0.0,0.0,0.0,0.0,0.0,97.0,56.0,0.0,67.0,336.0,0.0,943.0,1276.0,516.0,5367.0,7882.0,6386.0
118,0.0,0.0,0.0,0.0,0.0,0.0,0.0,0.0,0.0,0.0,0.0,0.0,65.0,0.0,0.0,51.0,82.0,60.00000000000001,301.0,90.0,0.0,1130.0,1082.0,739.0,5506.0,8748.0,5823.0
119,0.0,0.0,0.0,0.0,0.0,0.0,0.0,0.0,0.0,0.0,64.0,0.0,0.0,0.0,0.0,0.0,0.0,0.0,140.0,141.0,76.0,981.0,1147.0,407.0,4810.0,8363.0,6213.0
120,0.0,0.0,0.0,0.0,0.0,0.0,0.0,0.0,0.0,0.0,0.0,0.0,0.0,0.0,0.0,0.0,0.0,0.0,373.99999999999994,122.0,0.0,1829.0,1284.0,678.0,2204.0,7186.0,6355.0
121,0.0,0.0,0.0,0.0,0.0,0.0,0.0,0.0,0.0,0.0,0.0,0.0,0.0,0.0,0.0,0.0,0.0,0.0,420.0,165.0,63.0,1067.0,1129.0,676.0,4385.0,6741.0,6337.0
122,0.0,0.0,0.0,0.0,0.0,0.0,0.0,0.0,0.0,0.0,0.0,0.0,102.99999999999999,0.0,0.0,0.0,55.99999999999999,0.0,479.0,126.0,0.0,684.0,1526.0,551.0,4713.0,7014.0,5206.0
123,0.0,0.0,0.0,0.0,0.0,0.0,0.0,0.0,0.0,0.0,0.0,0.0,0.0,0.0,0.0,52.0,72.0,0.0,238.0,68.0,0.0,908.0000000000001,848.0,476.0,4396.0,7275.0,6152.0
124,0.0,0.0,0.0,0.0,0.0,0.0,0.0,0.0,0.0,0.0,0.0,0.0,0.0,0.0,0.0,587.0,53.0,0.0,692.0,246.0,54.0,732.0,938.0,709.0,3000.0,6577.0,6292.999999999999
125,0.0,0.0,0.0,0.0,0.0,0.0,0.0,0.0,0.0,0.0,0.0,0.0,0.0,0.0,0.0,0.0,0.0,0.0,120.0,211.0,0.0,425.0,1307.9999999999998,763.0,4134.0,6935.0,4787.0
126,0.0,0.0,0.0,0.0,0.0,0.0,0.0,0.0,0.0,0.0,0.0,0.0,0.0,0.0,0.0,131.0,0.0,0.0,310.0,382.0,0.0,814.9999999999999,1229.0,604.0,6545.0,5943.0,6894.0
127,0.0,0.0,0.0,0.0,0.0,0.0,88.0,0.0,0.0,0.0,0.0,0.0,72.0,0.0,0.0,0.0,0.0,0.0,53.0,292.00000000000006,94.0,287.0,1918.9999999999998,717.0,5892.0,8458.0,5716.0
128,0.0,0.0,0.0,0.0,0.0,0.0,0.0,0.0,0.0,0.0,0.0,0.0,0.0,0.0,0.0,71.0,0.0,0.0,505.00000000000006,145.0,119.0,477.0,1153.0,643.0,4841.0,8001.0,5158.0
129,0.0,0.0,0.0,214.0,0.0,0.0,0.0,0.0,0.0,0.0,0.0,0.0,0.0,0.0,0.0,0.0,81.0,0.0,108.00000000000001,78.0,68.0,687.0000000000001,1427.0,643.0,3623.0,7238.0,5437.0
130,0.0,0.0,0.0,0.0,0.0,0.0,0.0,0.0,0.0,0.0,0.0,0.0,0.0,0.0,0.0,148.00000000000003,0.0,0.0,583.0000000000001,274.0,52.99999999999999,546.0,1336.0,504.00000000000006,5212.0,6941.0,6369.000000000001
131,0.0,0.0,0.0,0.0,0.0,0.0,0.0,0.0,0.0,0.0,0.0,0.0,161.0,0.0,0.0,84.0,0.0,0.0,158.0,306.00000000000006,88.0,1166.0,1921.0,580.0000000000001,3996.0,6644.999999999999,5721.0
132,0.0,0.0,0.0,0.0,0.0,0.0,0.0,0.0,0.0,0.0,0.0,0.0,0.0,0.0,0.0,169.0,0.0,0.0,218.0,230.0,112.99999999999999,601.0,1077.0,945.0,4415.0,8836.0,6819.0
133,0.0,0.0,0.0,0.0,0.0,0.0,0.0,0.0,0.0,0.0,0.0,0.0,0.0,0.0,0.0,0.0,0.0,0.0,341.0,127.0,0.0,1975.0,1641.0,782.0000000000001,2703.0,7794.0,5287.0
134,0.0,0.0,0.0,0.0,0.0,0.0,0.0,0.0,0.0,0.0,0.0,0.0,0.0,0.0,0.0,110.0,82.0,0.0,0.0,791.0000000000001,74.0,704.0000000000001,1565.0,826.9999999999999,5572.0,8134.0,6488.0
135,0.0,0.0,0.0,0.0,0.0,0.0,0.0,0.0,0.0,0.0,57.0,0.0,0.0,0.0,0.0,0.0,64.0,0.0,109.00000000000001,269.0,128.0,1022.0000000000001,1659.0,714.0,5285.0,6831.0,6056.000000000001
136,0.0,0.0,0.0,0.0,0.0,0.0,0.0,0.0,0.0,0.0,0.0,0.0,212.00000000000003,0.0,0.0,0.0,0.0,0.0,452.0,165.0,0.0,787.0,1029.0,864.0000000000001,5428.0,6340.0,5712.0
137,0.0,0.0,0.0,0.0,0.0,0.0,0.0,0.0,0.0,0.0,0.0,0.0,55.0,0.0,0.0,59.0,0.0,0.0,0.0,211.0,54.0,736.0,1870.0,830.0,4186.0,8414.0,5635.0
138,0.0,0.0,0.0,0.0,0.0,0.0,0.0,0.0,0.0,0.0,60.0,0.0,0.0,0.0,0.0,67.0,57.0,0.0,128.0,195.0,0.0,1019.0,1413.0,648.0000000000001,4900.000000000001,6389.0,5975.0
139,0.0,0.0,0.0,0.0,0.0,0.0,0.0,0.0,0.0,0.0,0.0,0.0,0.0,0.0,0.0,95.0,0.0,0.0,122.0,271.0,63.0,1555.0,1640.0,583.0,3682.0,8401.0,6647.0
140,0.0,0.0,0.0,0.0,0.0,0.0,0.0,0.0,0.0,0.0,0.0,0.0,0.0,0.0,0.0,60.99999999999999,0.0,0.0,512.0,96.0,0.0,1098.0,1143.0,689.0,5928.0,8162.0,6509.0
141,0.0,0.0,0.0,0.0,0.0,0.0,0.0,0.0,0.0,0.0,0.0,0.0,59.0,0.0,0.0,97.0,66.0,0.0,183.0,300.0,71.0,636.0,1155.0,452.0,4203.0,8223.0,6124.0
142,0.0,0.0,0.0,0.0,0.0,0.0,0.0,0.0,0.0,0.0,0.0,0.0,0.0,0.0,0.0,347.0,56.0,0.0,141.0,272.0,87.0,1115.0,1482.0,574.0,4620.0,7276.0,6373.0
143,0.0,0.0,0.0,0.0,0.0,0.0,0.0,0.0,0.0,0.0,0.0,0.0,0.0,0.0,0.0,78.0,0.0,0.0,159.0,182.0,0.0,1889.0,1387.0,954.0,6437.0,6372.0,5764.000000000001
144,0.0,0.0,0.0,0.0,0.0,0.0,0.0,0.0,0.0,0.0,0.0,0.0,0.0,0.0,0.0,0.0,74.0,0.0,105.0,114.0,70.0,1788.0000000000002,1242.0,823.0000000000001,6766.0,7827.0,4798.0
145,0.0,0.0,0.0,0.0,0.0,0.0,0.0,0.0,0.0,0.0,0.0,0.0,294.0,0.0,0.0,0.0,0.0,0.0,276.0,468.99999999999994,0.0,1058.0,1515.0000000000002,564.0,3518.0,6683.0,6136.0
146,0.0,0.0,0.0,0.0,0.0,0.0,0.0,0.0,0.0,0.0,0.0,0.0,0.0,52.0,0.0,148.0,0.0,0.0,169.0,152.0,0.0,1484.0,1101.0,758.0,4219.0,8180.000000000001,6220.0
147,0.0,0.0,0.0,0.0,0.0,0.0,0.0,0.0,0.0,0.0,0.0,0.0,0.0,0.0,0.0,0.0,0.0,0.0,0.0,350.00000000000006,52.00000000000001,993.0,1323.0,697.0,4865.0,7470.0,6287.999999999999
148,0.0,0.0,0.0,0.0,0.0,0.0,0.0,0.0,0.0,0.0,0.0,0.0,61.0,0.0,0.0,0.0,0.0,0.0,286.0,201.0,68.0,874.9999999999999,1426.0,776.0,4090.0000000000005,7664.0,6968.0
149,0.0,0.0,0.0,0.0,0.0,0.0,0.0,0.0,0.0,0.0,0.0,0.0,0.0,0.0,0.0,205.00000000000003,51.0,0.0,133.0,131.00000000000003,54.0,458.0,928.0,915.0,3811.0000000000005,9105.0,6708.0
150,0.0,0.0,0.0,0.0,0.0,0.0,0.0,0.0,0.0,0.0,0.0,0.0,0.0,0.0,0.0,123.0,0.0,0.0,138.0,134.0,77.0,598.0,1686.0,968.0,4858.999999999999,7749.0,5756.0
151,0.0,0.0,0.0,0.0,0.0,0.0,0.0,0.0,0.0,100.0,0.0,0.0,0.0,0.0,0.0,71.0,0.0,0.0,170.0,155.0,140.00000000000003,304.0,1733.0,491.0,4663.0,6929.0,5963.0
152,0.0,0.0,0.0,0.0,0.0,0.0,0.0,0.0,0.0,0.0,0.0,0.0,97.0,0.0,0.0,0.0,61.00000000000001,0.0,196.0,166.0,0.0,643.9999999999999,1501.0,703.0,5698.0,7743.0,5539.0
153,0.0,0.0,0.0,0.0,0.0,0.0,156.0,0.0,0.0,0.0,0.0,0.0,0.0,53.00000000000001,0.0,68.0,63.0,0.0,203.0,164.0,0.0,1025.0,1322.0,640.0000000000001,4984.0,8276.0,6154.0
154,0.0,0.0,0.0,0.0,0.0,0.0,61.0,0.0,0.0,78.0,0.0,0.0,151.0,0.0,0.0,122.99999999999999,0.0,0.0,345.0,128.0,115.0,757.0,1476.0,784.0,5055.0,6601.0,4307.0
155,0.0,0.0,0.0,0.0,0.0,0.0,0.0,0.0,0.0,0.0,0.0,0.0,0.0,0.0,0.0,0.0,73.0,0.0,296.0,61.0,0.0,1993.0,1259.0,737.0,6437.0,7078.000000000001,5695.0
156,0.0,0.0,0.0,0.0,0.0,0.0,0.0,0.0,0.0,0.0,0.0,0.0,50.99999999999999,0.0,0.0,0.0,0.0,0.0,200.0,360.0,0.0,721.0,1373.0,649.0,3372.0,8314.0,5712.0
157,0.0,0.0,0.0,0.0,0.0,0.0,0.0,0.0,0.0,0.0,0.0,0.0,0.0,0.0,0.0,107.0,0.0,0.0,499.00000000000006,59.0,75.0,1407.0,1232.0,399.0,4666.0,7203.0,6553.0
158,0.0,0.0,0.0,0.0,0.0,0.0,0.0,0.0,0.0,0.0,0.0,0.0,0.0,0.0,0.0,0.0,60.0,0.0,241.0,71.0,169.0,779.9999999999999,1174.0,731.0,5227.0,8335.0,5914.0
159,0.0,0.0,0.0,0.0,0.0,0.0,0.0,0.0,0.0,60.00000000000001,0.0,0.0,190.0,0.0,0.0,0.0,72.0,0.0,89.0,93.0,55.99999999999999,1704.0,1448.0,531.0,4076.0000000000005,7110.0,5642.000000000001
160,0.0,0.0,0.0,0.0,0.0,0.0,0.0,0.0,0.0,0.0,0.0,0.0,82.0,0.0,0.0,118.0,0.0,0.0,162.0,348.0,0.0,762.0,1019.0000000000001,496.0,3593.0,6765.0,5518.0
161,0.0,0.0,0.0,0.0,0.0,0.0,0.0,0.0,0.0,0.0,0.0,0.0,89.0,0.0,0.0,228.0,0.0,0.0,306.0,390.0,88.0,1279.0,1475.0,475.0,5236.0,8530.0,5548.0
162,0.0,0.0,0.0,0.0,0.0,0.0,0.0,0.0,0.0,0.0,0.0,0.0,60.0,0.0,0.0,0.0,0.0,0.0,181.00000000000003,287.0,0.0,1468.0000000000002,773.0,822.0,5659.0,7119.0,5921.0
163,0.0,0.0,0.0,0.0,0.0,0.0,0.0,0.0,0.0,0.0,0.0,0.0,71.0,0.0,0.0,189.0,88.0,0.0,484.00000000000006,319.0,84.0,1141.0,1054.0,939.0,4823.0,6828.0,6907.0
164,0.0,0.0,0.0,0.0,0.0,0.0,0.0,0.0,0.0,0.0,0.0,0.0,0.0,0.0,0.0,92.0,0.0,0.0,228.0,263.0,0.0,1576.0,1590.0,1117.0,5079.0,6390.0,5532.0
165,0.0,0.0,0.0,0.0,0.0,0.0,0.0,0.0,0.0,0.0,0.0,0.0,0.0,0.0,0.0,148.0,0.0,0.0,243.0,131.0,122.0,1616.0,1339.0,920.0,5449.0,7349.0,5538.0
166,0.0,0.0,0.0,0.0,0.0,0.0,0.0,0.0,0.0,0.0,0.0,0.0,0.0,0.0,0.0,62.0,78.0,0.0,392.0,429.0,0.0,829.0000000000001,864.0,901.0,3487.0,7133.0,7301.0
167,78.0,0.0,0.0,0.0,0.0,0.0,93.0,0.0,0.0,0.0,0.0,0.0,167.0,0.0,0.0,0.0,0.0,0.0,181.0,301.0,0.0,1385.0,788.0,739.0,3283.0,7824.999999999999,5124.0
168,0.0,0.0,0.0,0.0,0.0,0.0,0.0,0.0,0.0,0.0,0.0,0.0,0.0,0.0,0.0,228.0,0.0,0.0,169.0,237.0,0.0,1731.0,740.0,645.0,3334.9999999999995,8700.0,5464.0
169,0.0,0.0,0.0,0.0,0.0,0.0,0.0,0.0,0.0,0.0,0.0,0.0,0.0,0.0,0.0,68.0,70.0,0.0,456.0,201.99999999999997,127.0,882.0,1339.0,469.99999999999994,5161.0,7759.0,6837.0
170,0.0,0.0,0.0,0.0,0.0,0.0,0.0,0.0,0.0,0.0,0.0,0.0,0.0,0.0,0.0,0.0,281.0,0.0,300.99999999999994,137.0,0.0,1470.0,1787.0,833.0000000000001,5333.0,8838.0,6763.0
171,0.0,0.0,0.0,0.0,0.0,0.0,0.0,0.0,0.0,0.0,0.0,0.0,70.0,0.0,0.0,72.0,0.0,0.0,292.0,131.0,132.0,1392.0000000000002,576.0,795.0,4403.0,8675.0,5978.0
172,0.0,0.0,0.0,0.0,0.0,0.0,0.0,0.0,0.0,0.0,0.0,0.0,0.0,0.0,0.0,188.0,166.00000000000003,0.0,733.0000000000001,0.0,0.0,411.0,966.0,702.0000000000001,4472.0,6379.0,7580.0
173,0.0,0.0,0.0,0.0,0.0,0.0,0.0,0.0,0.0,0.0,0.0,0.0,60.00000000000001,0.0,0.0,0.0,0.0,0.0,203.0,167.0,0.0,796.0,1398.0,470.0,4077.0000000000005,6969.0,6497.0
174,0.0,0.0,0.0,0.0,0.0,0.0,0.0,0.0,0.0,0.0,0.0,0.0,156.0,0.0,0.0,0.0,78.0,0.0,454.0,100.0,0.0,1110.0,1318.0,792.0,4720.0,6436.0,6265.0
175,0.0,0.0,0.0,0.0,0.0,0.0,0.0,0.0,0.0,0.0,0.0,0.0,0.0,0.0,0.0,57.0,67.0,0.0,142.0,237.0,0.0,1038.0,1176.0,524.0,2929.0,8811.0,6365.0
176,0.0,0.0,0.0,0.0,0.0,0.0,0.0,0.0,0.0,0.0,0.0,0.0,80.0,0.0,0.0,278.0,89.00000000000001,0.0,75.0,194.0,0.0,715.0,1093.0,842.0000000000001,4691.0,8108.0,5740.0
177,0.0,0.0,0.0,0.0,0.0,0.0,0.0,0.0,0.0,0.0,0.0,0.0,68.0,70.0,0.0,82.0,62.0,0.0,57.0,188.99999999999997,0.0,1223.0,2206.0,656.0,4107.0,6591.0,6009.0
178,0.0,0.0,0.0,0.0,0.0,0.0,0.0,0.0,0.0,0.0,0.0,0.0,0.0,0.0,0.0,0.0,77.0,0.0,320.0,278.00000000000006,0.0,1161.0,1329.0,902.0,3763.0,7807.0,6284.0
179,0.0,0.0,0.0,0.0,0.0,0.0,0.0,55.0,0.0,0.0,0.0,0.0,0.0,0.0,0.0,65.0,0.0,0.0,354.0,193.00000000000003,66.0,993.0,1362.0,681.0,2929.0,7756.0,6405.0
180,0.0,0.0,0.0,0.0,0.0,0.0,0.0,0.0,0.0,0.0,0.0,0.0,0.0,0.0,0.0,0.0,0.0,0.0,206.0,260.0,55.0,538.0,1438.0,591.0,4245.0,7705.0,4953.0
181,0.0,0.0,0.0,0.0,0.0,0.0,0.0,0.0,0.0,0.0,0.0,0.0,0.0,0.0,0.0,0.0,79.0,0.0,321.0,199.0,0.0,810.0000000000001,1079.0,557.0,3619.0,7853.000000000001,6120.0
182,0.0,0.0,0.0,0.0,0.0,0.0,0.0,0.0,0.0,0.0,0.0,0.0,0.0,0.0,0.0,0.0,0.0,53.00000000000001,252.0,55.99999999999999,80.0,1693.0,1325.0,613.0,3516.0,8350.0,6224.0
183,0.0,0.0,0.0,0.0,0.0,0.0,0.0,0.0,0.0,0.0,0.0,0.0,0.0,67.0,0.0,0.0,153.0,0.0,121.0,455.0,0.0,818.0,1493.0,604.0000000000001,2399.0,7099.0,5975.0
184,0.0,0.0,0.0,0.0,0.0,0.0,0.0,0.0,0.0,0.0,0.0,0.0,143.0,0.0,0.0,120.0,63.0,0.0,261.0,364.99999999999994,150.99999999999997,2646.0,1397.0,671.0,5017.0,6640.0,5943.0
185,0.0,0.0,0.0,0.0,0.0,0.0,0.0,0.0,0.0,0.0,0.0,0.0,0.0,0.0,0.0,278.0,138.0,0.0,122.99999999999999,259.0,0.0,1269.0,1107.0,842.0,5751.0,7197.0,6219.0
186,0.0,0.0,0.0,165.0,0.0,0.0,0.0,0.0,0.0,0.0,0.0,0.0,123.0,0.0,0.0,70.0,0.0,0.0,107.00000000000001,113.0,0.0,687.0,1182.0,474.99999999999994,4734.0,7404.999999999999,6851.0
187,0.0,0.0,0.0,0.0,0.0,0.0,0.0,0.0,0.0,0.0,0.0,0.0,0.0,51.0,0.0,72.0,146.0,0.0,238.99999999999997,222.0,0.0,958.0,1283.0,456.0,4922.0,7050.0,6068.0
188,0.0,0.0,0.0,0.0,0.0,0.0,0.0,0.0,0.0,71.0,0.0,0.0,183.0,0.0,0.0,154.0,0.0,0.0,399.99999999999994,208.0,0.0,948.9999999999999,1574.0000000000002,886.0,4106.0,6406.0,5630.0
189,0.0,0.0,0.0,0.0,0.0,0.0,0.0,0.0,0.0,0.0,0.0,0.0,0.0,0.0,0.0,0.0,0.0,0.0,244.0,217.0,0.0,1421.0,1755.0,816.0,4840.0,8102.0,6297.0
190,0.0,0.0,0.0,0.0,0.0,0.0,0.0,0.0,0.0,0.0,0.0,0.0,0.0,54.0,0.0,204.0,0.0,0.0,381.0,86.0,120.99999999999999,597.0,1092.0,896.0,5035.0,6838.0,5958.0
191,0.0,0.0,0.0,0.0,0.0,0.0,0.0,0.0,0.0,0.0,0.0,0.0,0.0,63.0,0.0,0.0,122.00000000000001,0.0,121.0,209.99999999999997,51.0,1354.0,1345.0,448.0,5319.0,7308.0,5603.0
192,0.0,0.0,0.0,0.0,0.0,0.0,0.0,0.0,0.0,0.0,0.0,0.0,107.0,59.0,0.0,204.0,0.0,0.0,0.0,189.99999999999997,97.0,572.0,1550.0,805.0,4185.0,7858.0,5833.0
193,0.0,0.0,0.0,0.0,0.0,0.0,54.0,0.0,0.0,74.0,0.0,0.0,112.00000000000001,66.0,0.0,93.0,0.0,0.0,103.0,111.99999999999999,0.0,1023.0,1417.0,349.0,3536.0,7360.0,5950.0
194,0.0,0.0,0.0,0.0,0.0,0.0,0.0,0.0,0.0,0.0,0.0,0.0,0.0,0.0,0.0,0.0,78.0,0.0,422.99999999999994,192.00000000000003,0.0,580.0,1439.0,782.9999999999999,4257.0,6798.0,5879.0
195,0.0,0.0,0.0,0.0,0.0,0.0,0.0,0.0,0.0,0.0,0.0,0.0,0.0,0.0,0.0,56.00000000000001,0.0,0.0,289.00000000000006,240.00000000000003,0.0,354.0,1637.0,578.0,3712.0,7497.0,6162.0
196,0.0,0.0,0.0,0.0,0.0,0.0,0.0,0.0,0.0,0.0,0.0,0.0,0.0,0.0,0.0,120.0,64.0,0.0,230.0,310.99999999999994,0.0,1362.0,1591.0,629.0000000000001,4000.0,7137.0,7179.0
197,0.0,0.0,0.0,0.0,0.0,0.0,0.0,0.0,0.0,0.0,0.0,0.0,71.0,165.0,0.0,76.0,136.0,0.0,198.0,264.99999999999994,0.0,1129.0,1143.0,798.9999999999999,5879.0,7665.0,7174.0
198,0.0,0.0,0.0,0.0,0.0,0.0,0.0,0.0,0.0,0.0,0.0,0.0,0.0,0.0,0.0,62.99999999999999,58.0,0.0,177.99999999999997,91.0,70.0,1150.0,1667.0,854.0,2279.0,7203.0,6394.0
199,0.0,0.0,0.0,0.0,0.0,0.0,0.0,0.0,0.0,0.0,0.0,0.0,240.00000000000003,0.0,0.0,112.0,0.0,0.0,110.0,280.0,0.0,585.0,1677.0,749.0,4544.0,8511.0,4943.0
200,0.0,0.0,0.0,0.0,0.0,0.0,0.0,0.0,0.0,0.0,0.0,0.0,0.0,0.0,0.0,52.0,0.0,0.0,290.0,407.0,56.0,1492.9999999999998,2021.0,589.0,5619.0,7817.0,6448.0
201,0.0,0.0,0.0,0.0,0.0,0.0,0.0,52.0,0.0,0.0,0.0,0.0,86.0,0.0,0.0,64.0,0.0,0.0,301.0,203.0,167.0,659.0,1804.0,756.0,4085.0,7331.0,6513.0
202,0.0,0.0,0.0,0.0,0.0,0.0,0.0,0.0,0.0,0.0,0.0,0.0,91.0,0.0,0.0,56.0,0.0,0.0,385.0,230.0,0.0,1222.0,1370.0,556.0,3340.0,8543.0,7196.0
203,0.0,0.0,0.0,0.0,0.0,0.0,0.0,0.0,0.0,0.0,0.0,0.0,177.0,0.0,0.0,62.0,0.0,0.0,230.0,168.0,0.0,1022.0,804.0,715.0,4441.0,7961.0,6395.0
204,0.0,0.0,0.0,0.0,0.0,0.0,0.0,0.0,0.0,0.0,0.0,0.0,93.0,0.0,0.0,0.0,0.0,0.0,152.0,230.0,0.0,1041.0,1503.9999999999998,732.0,5830.0,7640.0,6749.0
205,0.0,0.0,0.0,0.0,0.0,0.0,0.0,0.0,0.0,56.0,0.0,0.0,0.0,87.0,0.0,0.0,0.0,0.0,413.00000000000006,121.00000000000001,76.0,979.0,1620.0,673.0,3375.0,7200.0,6003.0
206,0.0,0.0,0.0,0.0,0.0,0.0,0.0,0.0,0.0,0.0,0.0,0.0,76.0,0.0,0.0,0.0,83.0,0.0,237.00000000000003,339.0,171.0,938.0,1631.0,613.0,5531.0,6970.0,5651.0
207,0.0,0.0,0.0,0.0,0.0,0.0,0.0,0.0,0.0,67.0,0.0,0.0,0.0,59.0,0.0,0.0,73.0,0.0,327.0,258.0,0.0,724.0,2064.0,564.0,4396.0,7485.0,6950.0
208,0.0,0.0,0.0,0.0,0.0,0.0,0.0,0.0,0.0,0.0,52.0,0.0,0.0,0.0,0.0,0.0,84.0,0.0,116.0,241.00000000000003,0.0,780.0,1820.0000000000002,847.9999999999999,3985.0,8158.0,5771.000000000001
209,121.0,0.0,0.0,0.0,0.0,0.0,0.0,0.0,0.0,0.0,0.0,0.0,0.0,0.0,0.0,101.0,118.0,0.0,68.0,278.0,0.0,443.0,1279.0,696.0,4077.0,8149.0,6646.0
210,0.0,0.0,0.0,0.0,0.0,0.0,51.0,0.0,0.0,0.0,0.0,0.0,0.0,0.0,0.0,55.0,0.0,0.0,459.0,407.00000000000006,136.0,1073.0,1362.0,554.0,5548.0,7550.0,6611.0
211,57.0,0.0,0.0,0.0,0.0,0.0,0.0,0.0,0.0,93.0,0.0,0.0,0.0,0.0,0.0,53.99999999999999,78.0,0.0,67.0,255.0,0.0,882.0,1160.0,391.00000000000006,3927.0,7545.0,6860.0
212,0.0,0.0,0.0,0.0,0.0,0.0,0.0,0.0,0.0,80.0,0.0,0.0,0.0,0.0,0.0,263.00000000000006,57.0,0.0,334.0,242.00000000000003,0.0,1833.9999999999998,1043.0,526.0,4671.0,7206.0,4630.0
213,0.0,0.0,0.0,0.0,0.0,0.0,0.0,0.0,0.0,78.0,0.0,0.0,0.0,0.0,0.0,89.0,0.0,0.0,734.0,190.0,0.0,1137.0,1437.0,710.0,4100.0,7845.0,5556.0
214,0.0,0.0,0.0,0.0,0.0,0.0,0.0,0.0,0.0,0.0,0.0,0.0,0.0,0.0,0.0,214.99999999999997,0.0,0.0,403.0,302.00000000000006,0.0,763.0,1226.0000000000002,993.0,4556.0,7849.0,4710.000000000001
215,0.0,0.0,0.0,0.0,0.0,0.0,62.99999999999999,0.0,0.0,0.0,0.0,0.0,75.0,0.0,0.0,155.0,0.0,0.0,252.0,221.00000000000003,0.0,965.0,1374.0000000000002,719.0,3240.0,6866.0,4787.0
216,0.0,0.0,0.0,0.0,0.0,0.0,128.0,0.0,0.0,0.0,0.0,0.0,0.0,0.0,0.0,0.0,0.0,0.0,155.0,451.0,69.0,1833.0,955.0,874.0,5454.0,8041.0,5791.0
217,0.0,0.0,0.0,0.0,0.0,0.0,0.0,0.0,0.0,0.0,0.0,0.0,0.0,0.0,0.0,0.0,0.0,0.0,330.0,204.99999999999997,0.0,799.0,1699.0,446.0,3394.0,8401.0,5897.0
218,0.0,0.0,0.0,0.0,0.0,0.0,0.0,0.0,0.0,77.0,0.0,0.0,0.0,56.0,0.0,83.0,0.0,0.0,198.0,310.0,0.0,759.0000000000001,1466.0,835.0,4533.0,6953.0,7037.0
219,0.0,0.0,0.0,0.0,0.0,0.0,0.0,0.0,0.0,0.0,0.0,0.0,0.0,0.0,0.0,74.0,0.0,0.0,467.99999999999994,467.0,0.0,1516.9999999999998,1188.9999999999998,722.0,2767.0,7310.0,5052.0
220,0.0,0.0,0.0,0.0,0.0,0.0,0.0,0.0,0.0,0.0,0.0,0.0,0.0,0.0,0.0,125.00000000000001,0.0,0.0,109.0,193.0,65.0,425.00000000000006,1172.0,823.0,2564.0,7574.0,6818.0
221,0.0,0.0,0.0,0.0,0.0,0.0,0.0,0.0,0.0,0.0,0.0,0.0,68.0,0.0,0.0,0.0,0.0,0.0,618.0,199.0,149.0,627.0,1389.0,554.0,3657.9999999999995,6910.0,6382.0
222,0.0,0.0,0.0,0.0,0.0,0.0,0.0,0.0,0.0,0.0,0.0,0.0,103.0,0.0,0.0,63.0,0.0,0.0,844.0,315.0,73.0,1269.0000000000002,1315.0,724.0,6530.0,7392.0,5463.0
223,0.0,0.0,0.0,0.0,0.0,0.0,0.0,0.0,0.0,0.0,0.0,0.0,0.0,61.0,0.0,177.0,65.0,0.0,226.0,257.0,0.0,1337.0000000000002,1722.0,825.0,5351.0,7510.0,5804.0
224,0.0,0.0,0.0,0.0,0.0,0.0,0.0,0.0,0.0,0.0,0.0,0.0,0.0,0.0,0.0,57.0,0.0,0.0,280.0,278.0,0.0,312.0,1223.0000000000002,486.99999999999994,3779.0,6433.0,5713.0
225,0.0,0.0,0.0,0.0,0.0,0.0,0.0,0.0,0.0,0.0,0.0,0.0,0.0,0.0,0.0,0.0,116.0,0.0,275.0,65.0,0.0,448.0,1036.0,886.0,4124.0,6782.0,5303.0
226,0.0,0.0,0.0,0.0,0.0,0.0,0.0,0.0,0.0,0.0,0.0,0.0,132.0,0.0,0.0,0.0,0.0,0.0,271.0,132.0,51.0,1794.0,1615.0,488.00000000000006,4772.0,7369.0,5325.0
227,0.0,0.0,0.0,0.0,0.0,0.0,0.0,0.0,0.0,0.0,0.0,0.0,0.0,0.0,0.0,0.0,62.00000000000001,0.0,160.00000000000003,173.0,0.0,946.0,1302.9999999999998,873.0,3988.0,7872.0,6316.0
228,0.0,0.0,0.0,0.0,0.0,0.0,0.0,0.0,0.0,0.0,0.0,0.0,54.00000000000001,0.0,0.0,226.99999999999997,0.0,0.0,246.0,370.0,153.00000000000003,988.0,1727.0,517.0,4595.0,7159.0,5603.0
229,0.0,0.0,0.0,0.0,0.0,0.0,0.0,0.0,0.0,0.0,0.0,0.0,0.0,0.0,0.0,0.0,0.0,0.0,835.9999999999999,260.0,117.0,900.0,682.0,823.0,5792.0,7698.0,6097.0
230,0.0,0.0,0.0,0.0,0.0,0.0,0.0,0.0,0.0,0.0,0.0,0.0,52.0,63.0,0.0,159.0,0.0,0.0,102.99999999999999,0.0,0.0,1041.0,1696.0,543.0,3244.0,7510.0,7614.0
231,0.0,0.0,0.0,0.0,0.0,0.0,0.0,0.0,0.0,0.0,0.0,0.0,79.0,0.0,0.0,0.0,83.0,0.0,131.0,168.0,89.0,1303.0,902.0,810.0,3635.0000000000005,7830.0,5298.0
232,0.0,0.0,0.0,0.0,0.0,0.0,0.0,0.0,0.0,0.0,0.0,0.0,0.0,0.0,0.0,0.0,76.0,0.0,374.0,242.00000000000003,0.0,741.0,1349.9999999999998,1006.0000000000001,3266.0,7465.0,5562.0
233,0.0,0.0,0.0,64.0,0.0,0.0,0.0,0.0,0.0,0.0,0.0,0.0,0.0,0.0,0.0,0.0,0.0,0.0,155.0,254.0,58.0,608.0,1325.0000000000002,233.0,4442.0,7372.0,6531.0
234,0.0,0.0,0.0,0.0,0.0,0.0,0.0,0.0,0.0,0.0,0.0,0.0,66.0,0.0,0.0,0.0,57.0,0.0,365.0,63.0,71.0,886.0,1155.0,602.0000000000001,4721.0,8545.0,5514.0
235,0.0,0.0,0.0,0.0,0.0,0.0,0.0,0.0,0.0,0.0,0.0,0.0,0.0,0.0,0.0,169.0,50.99999999999999,0.0,164.0,186.0,112.0,1428.0,1870.0000000000002,630.0,4472.0,7462.0,5616.0
236,0.0,0.0,0.0,0.0,0.0,0.0,0.0,0.0,0.0,0.0,0.0,0.0,0.0,0.0,0.0,74.0,0.0,0.0,314.0,319.0,61.00000000000001,1199.0,987.0,560.0,6672.0,8012.999999999999,6346.0
237,0.0,0.0,0.0,0.0,0.0,0.0,0.0,0.0,0.0,0.0,0.0,0.0,0.0,0.0,0.0,117.0,0.0,0.0,432.00000000000006,145.0,0.0,1338.0,1644.0,832.0000000000001,4449.0,7837.000000000001,5632.0
238,0.0,0.0,0.0,0.0,0.0,0.0,0.0,0.0,0.0,0.0,0.0,0.0,0.0,0.0,0.0,232.0,0.0,0.0,541.0,81.0,0.0,745.0,1487.0,616.0,5245.000000000001,8617.0,5447.0
239,0.0,0.0,0.0,0.0,0.0,0.0,0.0,0.0,0.0,0.0,0.0,0.0,0.0,0.0,0.0,70.0,0.0,0.0,661.0,404.0,0.0,895.0,1428.0,1044.0,6032.0,7713.0,6748.0
240,0.0,0.0,0.0,0.0,0.0,0.0,0.0,0.0,0.0,0.0,0.0,0.0,0.0,51.0,0.0,90.0,157.0,0.0,464.0,223.0,56.00000000000001,1001.0,1311.0,465.00000000000006,3724.0,8395.0,5190.0
241,0.0,0.0,0.0,0.0,0.0,0.0,0.0,0.0,0.0,0.0,0.0,0.0,0.0,0.0,0.0,245.0,130.0,0.0,238.0,237.00000000000003,110.0,575.9999999999999,1018.0000000000001,642.0,4342.0,7258.0,6236.0
242,0.0,0.0,0.0,0.0,0.0,0.0,0.0,0.0,0.0,0.0,0.0,0.0,52.99999999999999,63.0,0.0,428.0,0.0,0.0,243.0,204.0,53.0,810.0,1108.0,743.0,3812.9999999999995,8051.0,6413.0
243,0.0,0.0,0.0,0.0,0.0,0.0,0.0,0.0,0.0,0.0,56.0,0.0,51.0,0.0,0.0,217.0,53.0,0.0,416.0,162.99999999999997,151.0,1051.0,2102.0,769.0,5736.0,7874.0,6235.0
244,0.0,0.0,0.0,0.0,0.0,0.0,0.0,0.0,0.0,0.0,0.0,0.0,67.0,0.0,0.0,93.0,0.0,0.0,355.0,245.0,153.0,2073.0,1499.0,773.0000000000001,5533.0,7725.0,6529.0
245,0.0,0.0,0.0,0.0,0.0,0.0,0.0,0.0,0.0,0.0,0.0,0.0,0.0,0.0,0.0,133.0,61.0,0.0,136.0,164.0,70.0,760.0,1145.0,496.0,4688.0,7036.0,5994.0
246,0.0,0.0,0.0,0.0,0.0,0.0,0.0,0.0,0.0,0.0,0.0,0.0,79.0,0.0,0.0,0.0,0.0,0.0,383.00000000000006,120.00000000000001,53.0,386.0,1659.0,965.9999999999999,3696.0,7579.0,5784.0
247,0.0,0.0,0.0,0.0,0.0,0.0,0.0,0.0,0.0,0.0,0.0,0.0,91.0,0.0,0.0,182.00000000000003,88.0,0.0,328.0,188.0,0.0,1049.0,1089.9999999999998,628.0,5639.0,6828.0,6538.0
248,0.0,0.0,0.0,0.0,0.0,0.0,0.0,0.0,0.0,0.0,0.0,0.0,0.0,0.0,0.0,63.0,150.0,0.0,77.0,117.0,105.0,519.0000000000001,914.0,761.0,5192.0,6619.0,6171.0
249,0.0,0.0,0.0,0.0,0.0,0.0,0.0,0.0,0.0,0.0,0.0,0.0,0.0,0.0,0.0,100.0,63.0,0.0,417.0,206.00000000000003,175.0,1042.0,1364.0000000000002,679.0,5395.0,7474.000000000001,5471.0
250,0.0,0.0,0.0,0.0,0.0,0.0,0.0,0.0,0.0,98.0,0.0,0.0,85.0,0.0,0.0,58.0,161.0,0.0,226.00000000000003,481.0,90.0,237.00000000000003,1230.0,959.0000000000001,5629.0,8171.999999999999,6447.000000000001
251,0.0,0.0,0.0,0.0,0.0,0.0,0.0,0.0,0.0,0.0,0.0,0.0,0.0,0.0,0.0,0.0,0.0,0.0,303.0,384.00000000000006,66.0,3004.0,882.0,954.0,4144.0,8188.0,6747.0
252,0.0,0.0,0.0,0.0,0.0,0.0,0.0,0.0,0.0,0.0,0.0,0.0,86.0,0.0,0.0,266.0,0.0,0.0,136.0,163.0,70.0,781.0,1499.0,887.0,5850.0,5669.0,6088.0
253,0.0,0.0,0.0,0.0,0.0,0.0,0.0,0.0,0.0,0.0,0.0,0.0,83.0,0.0,0.0,0.0,0.0,0.0,204.00000000000003,190.0,0.0,293.0,1176.0,737.0000000000001,4693.0,8023.0,5705.0
254,0.0,0.0,0.0,0.0,0.0,0.0,0.0,0.0,0.0,0.0,0.0,0.0,0.0,0.0,0.0,0.0,0.0,0.0,121.0,76.0,84.0,949.0,967.0000000000001,722.0000000000001,3164.0,6669.0,5665.0
255,0.0,0.0,0.0,0.0,0.0,0.0,0.0,0.0,0.0,0.0,0.0,0.0,0.0,0.0,0.0,247.99999999999997,77.0,0.0,123.0,136.0,71.0,1096.0,829.0,560.9999999999999,4360.0,8499.0,5351.0
256,67.0,0.0,0.0,0.0,0.0,0.0,0.0,0.0,0.0,0.0,0.0,0.0,0.0,0.0,0.0,56.0,62.0,0.0,209.99999999999997,336.0,0.0,856.0,1281.0000000000002,675.0,5733.0,6923.0,6050.0
257,0.0,0.0,0.0,0.0,0.0,0.0,0.0,0.0,0.0,0.0,0.0,0.0,0.0,0.0,0.0,0.0,103.0,0.0,152.0,86.0,142.0,1208.0,1837.0,789.0,5066.0,8361.0,6380.0
258,0.0,0.0,0.0,0.0,0.0,0.0,0.0,0.0,0.0,0.0,0.0,0.0,0.0,0.0,0.0,88.0,0.0,0.0,77.0,356.0,0.0,1251.0000000000002,842.0,706.0000000000001,4412.0,7744.0,5228.0
259,0.0,0.0,0.0,0.0,0.0,0.0,0.0,0.0,0.0,83.0,0.0,0.0,0.0,58.99999999999999,0.0,0.0,0.0,0.0,61.0,185.0,0.0,603.0,1894.0,580.0,5508.0,7526.0,5571.0
260,0.0,0.0,0.0,0.0,0.0,0.0,0.0,0.0,0.0,0.0,0.0,0.0,0.0,0.0,0.0,138.0,0.0,0.0,368.99999999999994,122.99999999999999,66.0,1172.0000000000002,1186.0,438.99999999999994,5039.0,7673.0,6353.0
261,0.0,0.0,0.0,0.0,0.0,0.0,0.0,0.0,0.0,85.0,0.0,0.0,0.0,0.0,0.0,159.0,54.99999999999999,0.0,105.0,194.0,87.00000000000001,885.0,1454.0,762.0000000000001,4579.0,6802.0,5955.0
262,0.0,0.0,0.0,0.0,0.0,0.0,0.0,0.0,0.0,51.0,0.0,0.0,0.0,0.0,0.0,558.0,0.0,0.0,311.0,227.0,92.0,868.0,1743.0,317.0,3579.0,6784.0,5798.0
263,0.0,0.0,0.0,0.0,0.0,0.0,0.0,0.0,0.0,0.0,0.0,0.0,0.0,0.0,0.0,110.0,91.0,0.0,110.0,72.0,0.0,709.0,1030.0,603.0,5593.000000000001,7286.0,6758.0
264,0.0,0.0,0.0,0.0,0.0,0.0,0.0,0.0,0.0,0.0,0.0,0.0,0.0,0.0,0.0,0.0,0.0,0.0,728.0,236.00000000000003,131.00000000000003,1315.0,2030.0,557.0,6213.0,7540.0,5732.0
265,0.0,0.0,0.0,0.0,0.0,0.0,0.0,0.0,0.0,0.0,0.0,0.0,116.0,65.0,0.0,0.0,0.0,0.0,193.0,168.99999999999997,61.0,602.0,1478.0000000000002,467.0,5410.0,6908.0,6709.0
266,0.0,0.0,0.0,0.0,0.0,0.0,0.0,0.0,0.0,0.0,0.0,0.0,0.0,0.0,0.0,72.0,0.0,0.0,129.0,242.0,0.0,483.00000000000006,1125.0,807.9999999999999,3667.0,7875.0,6442.0
267,0.0,0.0,0.0,0.0,0.0,0.0,0.0,0.0,0.0,83.0,0.0,0.0,0.0,0.0,0.0,104.0,101.0,0.0,309.0,525.0,0.0,1608.0,1800.0,565.0,3422.0000000000005,8529.0,6122.0
268,0.0,0.0,0.0,0.0,0.0,0.0,0.0,0.0,0.0,0.0,0.0,0.0,0.0,0.0,0.0,170.0,0.0,0.0,302.00000000000006,135.0,55.0,1074.0,1573.0,888.0,6914.0,5662.0,6825.0
269,0.0,0.0,0.0,0.0,0.0,0.0,0.0,0.0,0.0,0.0,0.0,0.0,0.0,0.0,0.0,86.0,83.0,0.0,105.0,216.0,0.0,1135.0,1862.0,735.0,5724.0,7681.0,5237.0
270,0.0,0.0,0.0,0.0,0.0,0.0,0.0,0.0,0.0,0.0,0.0,0.0,0.0,0.0,0.0,0.0,67.0,0.0,51.0,179.0,164.0,547.0000000000001,1310.9999999999998,709.0,6264.0,6157.0,5969.0
271,0.0,0.0,0.0,66.0,0.0,0.0,0.0,0.0,0.0,0.0,0.0,0.0,107.0,0.0,0.0,70.0,98.00000000000001,0.0,488.00000000000006,111.0,61.0,519.0,1121.0,926.9999999999999,4168.0,8147.0,5143.0
272,0.0,0.0,0.0,0.0,0.0,0.0,0.0,0.0,0.0,0.0,53.0,0.0,0.0,0.0,0.0,0.0,0.0,0.0,53.0,114.99999999999999,0.0,599.0,1543.0000000000002,377.0,5193.0,6935.0,6149.0
273,0.0,0.0,0.0,0.0,0.0,0.0,0.0,0.0,0.0,52.0,0.0,0.0,0.0,56.0,0.0,0.0,81.0,0.0,53.0,259.0,56.0,844.0,1145.0,360.0,4830.0,7162.0,5650.0
274,0.0,0.0,0.0,0.0,0.0,0.0,0.0,0.0,0.0,0.0,0.0,0.0,63.0,0.0,0.0,212.0,52.0,0.0,584.0,452.0,57.0,709.0000000000001,1641.0,480.99999999999994,4015.0,7751.0,6016.0
275,0.0,0.0,0.0,0.0,0.0,0.0,0.0,0.0,0.0,0.0,0.0,0.0,0.0,0.0,0.0,86.0,72.0,0.0,164.0,307.00000000000006,87.0,957.9999999999999,1667.0,1071.0,6805.0,7784.0,6841.0
276,0.0,0.0,0.0,0.0,0.0,0.0,0.0,0.0,0.0,0.0,0.0,0.0,0.0,0.0,0.0,0.0,79.0,0.0,505.0,194.0,0.0,722.0,1527.0,1081.0,5953.0,8186.0,5910.0
277,0.0,0.0,0.0,0.0,0.0,0.0,0.0,0.0,0.0,59.0,0.0,0.0,0.0,0.0,0.0,64.0,0.0,0.0,56.0,203.0,55.0,1207.0,1584.0000000000002,877.9999999999999,6417.0,7693.0,5809.999999999999
278,0.0,0.0,0.0,0.0,0.0,0.0,0.0,0.0,0.0,0.0,0.0,0.0,0.0,0.0,0.0,184.0,146.0,0.0,266.0,346.0,56.0,1925.0,1065.0,839.9999999999999,5025.0,8423.0,5156.000000000001
279,0.0,0.0,0.0,0.0,0.0,0.0,0.0,0.0,0.0,0.0,0.0,0.0,153.00000000000003,0.0,0.0,143.0,0.0,0.0,90.0,69.0,0.0,1138.0,1846.0,716.0,5742.0,8134.0,5631.0
280,0.0,0.0,0.0,0.0,0.0,0.0,0.0,0.0,0.0,0.0,0.0,0.0,85.0,0.0,0.0,151.0,68.0,0.0,84.0,159.00000000000003,0.0,1238.0,1618.0,453.00000000000006,5632.0,7488.0,7089.0
281,0.0,0.0,0.0,0.0,0.0,0.0,0.0,0.0,0.0,0.0,0.0,0.0,0.0,0.0,0.0,127.0,0.0,0.0,291.00000000000006,56.0,82.0,880.0,787.0,654.0,3315.9999999999995,7390.0,6852.0
282,0.0,0.0,0.0,0.0,0.0,0.0,0.0,0.0,0.0,0.0,0.0,0.0,81.0,0.0,0.0,0.0,52.0,0.0,85.0,281.0,140.0,1154.0,1392.0,619.0000000000001,5359.0,7599.0,6417.0
283,0.0,0.0,0.0,0.0,0.0,0.0,0.0,0.0,0.0,0.0,0.0,0.0,67.0,0.0,0.0,0.0,66.0,0.0,73.0,252.00000000000003,0.0,720.0000000000001,1832.0,517.0,6265.0,8655.0,5559.0
284,0.0,0.0,0.0,0.0,0.0,0.0,0.0,0.0,0.0,67.0,0.0,0.0,80.0,0.0,0.0,95.0,0.0,0.0,0.0,361.0,0.0,919.0,1607.0,655.0,4119.0,7035.0,5997.0
285,0.0,0.0,0.0,0.0,0.0,0.0,0.0,0.0,0.0,0.0,0.0,0.0,0.0,0.0,0.0,64.0,0.0,0.0,271.0,368.0,0.0,844.0000000000001,1466.0,593.0,3845.0,6667.0,5896.0
286,0.0,0.0,0.0,0.0,0.0,0.0,0.0,0.0,0.0,140.0,0.0,0.0,0.0,0.0,0.0,251.00000000000003,117.00000000000001,0.0,223.0,86.0,84.0,1346.0,1479.0,618.0,4870.0,7234.0,6441.0
287,0.0,0.0,0.0,0.0,0.0,0.0,0.0,0.0,0.0,0.0,0.0,0.0,109.0,0.0,0.0,0.0,0.0,0.0,278.0,373.0,0.0,330.0,1040.0,832.9999999999999,3894.0000000000005,6499.0,5686.0
288,0.0,0.0,0.0,0.0,0.0,0.0,0.0,0.0,0.0,0.0,0.0,0.0,174.0,0.0,0.0,97.0,77.0,0.0,203.0,75.0,0.0,270.0,1577.0000000000002,703.0,4143.0,6253.0,5411.999999999999
289,0.0,0.0,0.0,0.0,0.0,0.0,0.0,0.0,0.0,78.0,0.0,0.0,0.0,0.0,0.0,160.99999999999997,80.0,0.0,131.0,183.99999999999997,51.0,1047.0,808.0,816.0,6106.0,7176.999999999999,5346.0
290,0.0,0.0,0.0,0.0,0.0,0.0,0.0,0.0,0.0,0.0,0.0,0.0,0.0,0.0,0.0,126.0,58.0,0.0,238.0,272.0,0.0,1167.0,1215.0,425.0,3509.0,7183.0,5881.0
291,0.0,0.0,0.0,0.0,0.0,0.0,0.0,0.0,0.0,0.0,0.0,0.0,188.0,0.0,0.0,0.0,59.0,0.0,456.00000000000006,128.0,185.0,1248.9999999999998,1347.0,635.0000000000001,4878.0,5969.0,6701.0
292,0.0,0.0,0.0,0.0,0.0,0.0,0.0,0.0,0.0,63.00000000000001,55.0,0.0,0.0,0.0,0.0,70.0,0.0,0.0,350.99999999999994,293.0,0.0,716.0000000000001,939.0,609.9999999999999,2521.0,6605.0,5983.0
293,0.0,0.0,0.0,0.0,0.0,0.0,0.0,0.0,0.0,0.0,0.0,0.0,108.0,0.0,0.0,78.0,0.0,0.0,534.0,76.0,63.0,1754.0,1198.0,539.0,4629.0,6440.0,7656.0
294,0.0,0.0,0.0,0.0,0.0,0.0,0.0,0.0,0.0,0.0,0.0,0.0,0.0,0.0,0.0,70.0,67.0,0.0,417.0,377.0,53.0,324.0,986.0,499.9999999999999,4973.0,8180.0,5585.0
295,0.0,0.0,0.0,0.0,0.0,0.0,0.0,0.0,0.0,216.0,0.0,0.0,0.0,0.0,0.0,91.0,112.0,0.0,537.0,144.0,0.0,812.9999999999999,2121.9999999999995,691.0,4266.0,6357.0,6785.0
296,0.0,0.0,0.0,0.0,0.0,0.0,0.0,0.0,0.0,0.0,0.0,0.0,51.0,0.0,0.0,70.0,60.0,0.0,177.0,172.0,52.0,171.0,1556.0,580.0,4022.0,7822.0,5768.0
297,0.0,0.0,0.0,0.0,0.0,0.0,0.0,0.0,0.0,0.0,0.0,0.0,0.0,0.0,0.0,278.0,0.0,0.0,383.0,371.0,0.0,1238.0,1342.0,590.0,2644.0,5314.0,6114.0
298,0.0,0.0,0.0,0.0,0.0,0.0,0.0,0.0,0.0,0.0,0.0,0.0,0.0,0.0,0.0,0.0,61.0,0.0,62.0,217.00000000000003,114.0,1225.0,1493.0,886.0,5839.0,7308.0,6570.0
299,0.0,0.0,0.0,0.0,0.0,0.0,0.0,0.0,0.0,0.0,0.0,0.0,0.0,63.0,0.0,182.0,162.0,0.0,321.0,130.0,60.0,623.0,993.0000000000001,714.0,6683.0,6930.999999999999,6491.0
300,0.0,0.0,0.0,0.0,0.0,0.0,0.0,0.0,0.0,0.0,0.0,0.0,137.0,0.0,0.0,59.0,0.0,0.0,132.0,52.0,213.0,404.99999999999994,1363.0,823.0,5331.0,7161.999999999999,5500.0
301,0.0,0.0,0.0,0.0,0.0,0.0,0.0,0.0,0.0,0.0,0.0,0.0,0.0,0.0,0.0,0.0,0.0,0.0,103.0,146.0,158.0,1011.0,958.0000000000001,717.0,3369.0,6691.999999999999,6457.0
302,0.0,0.0,0.0,0.0,0.0,0.0,0.0,0.0,0.0,0.0,0.0,0.0,0.0,0.0,0.0,112.0,0.0,0.0,355.0,338.99999999999994,61.00000000000001,588.0000000000001,1420.0,996.9999999999999,5338.0,7859.0,5268.0
303,0.0,0.0,0.0,0.0,0.0,0.0,0.0,0.0,0.0,0.0,0.0,0.0,0.0,0.0,0.0,0.0,79.0,0.0,262.0,112.0,136.0,1923.0,992.0,451.0,4700.0,6612.0,7159.0
304,0.0,0.0,0.0,0.0,0.0,0.0,0.0,0.0,0.0,90.0,0.0,0.0,56.0,0.0,0.0,0.0,0.0,0.0,58.0,228.0,0.0,1033.9999999999998,1621.0,728.0000000000001,7057.0,8066.0,5723.0
305,0.0,0.0,0.0,0.0,0.0,0.0,0.0,0.0,0.0,0.0,0.0,0.0,74.0,0.0,0.0,0.0,77.0,0.0,0.0,325.0,0.0,790.0,796.0,754.9999999999999,3144.9999999999995,7114.0,6826.0
306,0.0,0.0,0.0,0.0,0.0,0.0,0.0,0.0,0.0,0.0,0.0,0.0,66.0,0.0,0.0,52.0,71.0,0.0,225.0,194.0,0.0,406.00000000000006,1661.9999999999998,695.0,5507.0,8598.0,5878.0
307,0.0,0.0,0.0,0.0,0.0,0.0,52.0,0.0,0.0,0.0,0.0,0.0,98.0,0.0,0.0,66.0,0.0,0.0,86.0,315.0,64.0,1027.0,1285.0,539.0,4305.0,7082.0,5794.0
308,0.0,0.0,0.0,0.0,0.0,0.0,0.0,0.0,0.0,0.0,0.0,0.0,0.0,68.0,0.0,103.0,115.0,0.0,213.0,88.0,155.00000000000003,558.0,1615.0,629.0,3552.0,7610.0,6076.0
309,0.0,0.0,0.0,0.0,0.0,0.0,67.0,0.0,0.0,0.0,0.0,0.0,0.0,0.0,0.0,0.0,0.0,0.0,218.0,204.00000000000003,0.0,935.0,1004.0,937.0,6362.000000000001,8250.0,6260.0
310,0.0,0.0,0.0,0.0,0.0,0.0,0.0,0.0,0.0,0.0,0.0,0.0,0.0,0.0,0.0,0.0,0.0,0.0,238.99999999999997,88.0,0.0,1208.0,1064.0,545.0,4430.0,7375.0,6875.0
311,0.0,0.0,0.0,0.0,0.0,0.0,0.0,0.0,0.0,0.0,0.0,0.0,0.0,0.0,0.0,0.0,60.99999999999999,0.0,350.0,274.0,0.0,674.0000000000001,1028.0,924.0,3122.0,8135.0,6249.0
312,0.0,0.0,0.0,0.0,0.0,0.0,0.0,0.0,0.0,0.0,0.0,0.0,84.0,0.0,0.0,0.0,0.0,0.0,117.00000000000001,176.0,0.0,480.00000000000006,1819.0000000000002,612.0,4085.9999999999995,7616.000000000001,5939.0
313,0.0,0.0,0.0,0.0,0.0,0.0,0.0,0.0,0.0,0.0,0.0,0.0,0.0,0.0,0.0,76.0,54.0,0.0,469.00000000000006,285.0,65.0,548.9999999999999,1129.0,741.0,4245.0,7732.0,5994.0
314,0.0,0.0,0.0,0.0,0.0,0.0,0.0,0.0,0.0,0.0,0.0,0.0,69.0,0.0,0.0,0.0,108.99999999999999,0.0,425.0,163.0,0.0,234.99999999999997,995.0,791.0,4391.0,8331.0,7060.0
315,0.0,0.0,0.0,0.0,0.0,0.0,0.0,0.0,0.0,185.0,0.0,0.0,64.0,0.0,0.0,0.0,0.0,0.0,194.99999999999997,103.00000000000001,0.0,1069.0,1231.0,878.0,3722.9999999999995,8585.0,6593.0
316,0.0,0.0,0.0,0.0,0.0,0.0,0.0,0.0,0.0,0.0,0.0,0.0,0.0,0.0,0.0,72.0,0.0,0.0,368.0,307.0,0.0,1478.0000000000002,980.9999999999999,669.0,4204.0,7212.0,5152.0
317,0.0,0.0,0.0,0.0,0.0,0.0,0.0,0.0,0.0,0.0,0.0,0.0,0.0,0.0,0.0,0.0,0.0,0.0,342.99999999999994,217.0,0.0,876.0000000000001,1444.0,637.0,5334.0,7200.0,6948.0
318,0.0,0.0,0.0,0.0,0.0,0.0,0.0,0.0,0.0,0.0,0.0,0.0,0.0,0.0,0.0,0.0,86.0,0.0,61.00000000000001,423.0,0.0,829.0000000000001,1336.0,651.0,6815.0,7314.0,6445.0
319,0.0,0.0,0.0,0.0,0.0,0.0,0.0,0.0,0.0,0.0,0.0,0.0,0.0,0.0,0.0,54.0,60.99999999999999,0.0,651.0,267.0,0.0,970.0,1628.0,810.0,4076.9999999999995,7091.0,5007.0
320,0.0,0.0,0.0,0.0,0.0,0.0,0.0,0.0,0.0,0.0,0.0,0.0,0.0,54.0,0.0,0.0,0.0,0.0,315.0,459.00000000000006,67.0,905.0,1339.0,659.0,4766.0,6662.0,5483.0
321,0.0,0.0,0.0,0.0,0.0,0.0,0.0,0.0,0.0,0.0,0.0,0.0,0.0,0.0,0.0,61.0,0.0,0.0,684.0,290.0,68.0,411.0,989.0000000000001,876.0,6144.0,7634.0,5815.0
322,0.0,0.0,0.0,0.0,0.0,0.0,0.0,0.0,0.0,0.0,0.0,0.0,179.0,0.0,0.0,60.0,0.0,0.0,264.0,106.0,170.0,477.00000000000006,1323.0,895.0,6068.0,9323.0,5817.0
323,0.0,0.0,0.0,0.0,0.0,0.0,0.0,0.0,0.0,0.0,0.0,0.0,0.0,0.0,0.0,68.0,57.0,0.0,267.0,197.0,85.0,1193.0,1195.0,912.9999999999999,4781.0,7992.000000000001,5192.0
324,0.0,0.0,0.0,0.0,0.0,0.0,0.0,0.0,0.0,0.0,0.0,0.0,0.0,0.0,0.0,0.0,66.0,0.0,211.0,243.0,53.0,1274.0000000000002,1500.0,816.0,2528.0,7687.0,6066.0
325,0.0,0.0,0.0,0.0,0.0,0.0,0.0,0.0,0.0,0.0,0.0,0.0,0.0,0.0,0.0,218.00000000000003,0.0,0.0,57.0,153.0,52.0,927.0,1581.0,479.0,3443.0,7197.0,5649.0
326,0.0,0.0,0.0,0.0,0.0,0.0,0.0,0.0,0.0,0.0,0.0,0.0,0.0,0.0,0.0,0.0,0.0,0.0,0.0,216.0,57.0,1067.0,1285.0,822.9999999999999,6157.999999999999,7499.0,6024.0
327,0.0,0.0,0.0,0.0,0.0,0.0,0.0,0.0,0.0,0.0,0.0,0.0,204.0,0.0,0.0,0.0,54.0,0.0,210.0,189.0,0.0,1129.0,1602.0,541.0,3603.0,7256.000000000001,6100.0
328,0.0,0.0,0.0,0.0,0.0,0.0,0.0,0.0,0.0,0.0,0.0,0.0,0.0,0.0,0.0,60.0,213.99999999999997,0.0,224.0,99.0,81.0,945.0,1556.0,406.0,3582.0000000000005,7412.0,5681.0
329,0.0,0.0,0.0,0.0,0.0,0.0,58.0,0.0,0.0,0.0,0.0,0.0,0.0,0.0,0.0,385.0,85.0,0.0,111.0,508.0,0.0,888.0000000000001,1302.0,556.0,5406.0,7438.0,6359.0
330,0.0,0.0,0.0,0.0,0.0,0.0,0.0,0.0,0.0,0.0,0.0,0.0,55.99999999999999,0.0,0.0,66.0,70.0,0.0,279.0,75.0,0.0,306.00000000000006,1007.0,444.0,4994.0,8346.0,6034.0
331,0.0,0.0,0.0,0.0,0.0,0.0,0.0,0.0,0.0,0.0,0.0,0.0,0.0,0.0,0.0,90.0,90.0,0.0,675.0,0.0,62.0,1489.0,651.0,718.0,3875.9999999999995,7129.0,7012.0
332,0.0,0.0,0.0,0.0,0.0,0.0,0.0,0.0,0.0,52.0,0.0,0.0,54.0,0.0,0.0,67.0,0.0,0.0,0.0,325.00000000000006,59.0,989.0,1229.0,873.0,5616.0,7260.0,6431.0
333,0.0,0.0,0.0,0.0,0.0,0.0,0.0,0.0,0.0,80.0,0.0,0.0,0.0,0.0,0.0,59.0,75.0,0.0,112.0,225.00000000000003,64.0,242.99999999999997,1535.0,672.0,4471.0,7074.0,4785.0
334,0.0,0.0,0.0,0.0,0.0,0.0,0.0,0.0,0.0,51.0,0.0,0.0,65.0,0.0,0.0,54.0,56.0,0.0,157.0,193.00000000000003,105.0,676.0,1746.0,860.0,5983.0,7580.0,6984.0
335,0.0,0.0,0.0,0.0,0.0,0.0,0.0,80.0,0.0,0.0,0.0,0.0,58.0,0.0,0.0,0.0,89.0,0.0,377.0,359.00000000000006,107.0,1317.0,1352.9999999999998,467.0,2827.0,8262.0,6278.0
336,0.0,0.0,0.0,0.0,0.0,0.0,0.0,0.0,0.0,0.0,0.0,0.0,96.0,0.0,0.0,0.0,0.0,0.0,79.0,128.0,65.0,1254.0,980.9999999999999,758.0,5321.0,7366.0,5645.0
337,0.0,0.0,0.0,0.0,0.0,0.0,0.0,0.0,0.0,0.0,0.0,0.0,0.0,0.0,0.0,0.0,0.0,0.0,230.0,235.0,0.0,510.00000000000006,1296.0,813.0000000000001,4624.0,6529.0,5300.0
338,0.0,0.0,0.0,51.0,0.0,0.0,0.0,0.0,0.0,0.0,0.0,0.0,0.0,0.0,0.0,71.0,0.0,0.0,306.0,268.0,55.0,1210.0,2130.0,764.0,4443.0,7779.0,7065.0
339,0.0,0.0,0.0,0.0,0.0,0.0,0.0,0.0,0.0,0.0,0.0,0.0,60.00000000000001,0.0,0.0,243.0,0.0,0.0,235.0,192.0,0.0,1303.0,1405.0,1079.0,4744.000000000001,8109.0,6932.0
340,0.0,0.0,0.0,0.0,0.0,0.0,0.0,0.0,0.0,0.0,0.0,0.0,0.0,0.0,0.0,84.0,0.0,0.0,240.0,139.0,0.0,655.9999999999999,1431.0,624.0,4495.0,7491.0,5710.0
341,0.0,0.0,0.0,0.0,0.0,0.0,0.0,0.0,0.0,0.0,0.0,0.0,0.0,68.0,0.0,0.0,59.0,0.0,253.0,64.0,0.0,723.0,1628.0,619.0,5492.0,9113.0,5813.0
342,0.0,0.0,0.0,0.0,0.0,0.0,64.0,0.0,0.0,0.0,0.0,0.0,177.0,71.0,0.0,0.0,0.0,0.0,154.0,279.0,126.0,1236.0,938.9999999999999,679.0,5274.999999999999,7076.0,5703.0
343,0.0,0.0,0.0,0.0,0.0,0.0,0.0,0.0,0.0,0.0,0.0,0.0,51.0,60.0,0.0,0.0,0.0,0.0,269.0,465.0,121.00000000000001,2165.0,1362.0,699.0000000000001,5034.0,7000.0,5477.0
344,0.0,0.0,0.0,100.0,0.0,0.0,0.0,0.0,0.0,0.0,0.0,0.0,0.0,0.0,0.0,168.0,109.0,0.0,52.0,186.0,71.0,739.0,1036.0,820.0000000000001,6603.999999999999,7022.0,5337.0
345,0.0,0.0,0.0,0.0,0.0,0.0,129.0,0.0,0.0,0.0,0.0,0.0,0.0,0.0,0.0,118.0,100.00000000000001,0.0,56.0,167.0,0.0,972.0,1601.0,1083.0,5282.0,8002.0,6535.0
346,0.0,0.0,0.0,0.0,0.0,0.0,0.0,0.0,0.0,60.0,0.0,0.0,65.0,0.0,0.0,0.0,66.0,0.0,521.0,313.0,107.0,908.0,1382.0,558.9999999999999,4191.0,9079.0,6140.0
347,0.0,0.0,0.0,0.0,0.0,0.0,0.0,0.0,0.0,0.0,0.0,0.0,0.0,0.0,0.0,92.0,87.0,0.0,449.0,129.0,0.0,1009.9999999999999,1528.0,481.99999999999994,4663.000000000001,8412.0,5036.0
348,0.0,0.0,0.0,0.0,0.0,0.0,0.0,0.0,0.0,0.0,0.0,0.0,0.0,0.0,0.0,60.0,130.0,0.0,302.0,307.0,52.0,2076.0000000000005,1751.9999999999998,918.0,4748.0,7935.0,6043.0
349,0.0,0.0,0.0,0.0,0.0,0.0,0.0,0.0,0.0,0.0,0.0,0.0,0.0,0.0,0.0,307.0,57.0,0.0,304.0,120.0,67.0,1246.0,1305.0,958.0,4845.0,7657.0,5665.0
350,0.0,0.0,0.0,62.0,0.0,0.0,0.0,0.0,0.0,65.0,0.0,0.0,62.0,0.0,0.0,87.0,0.0,0.0,149.0,187.0,0.0,578.0,1544.9999999999998,599.0000000000001,4875.0,6744.0,5887.0
351,0.0,0.0,0.0,0.0,0.0,0.0,0.0,0.0,0.0,61.0,0.0,0.0,0.0,0.0,0.0,78.0,0.0,0.0,95.00000000000001,78.0,88.00000000000001,691.0,964.0,746.0,2819.0,7589.0,6804.0
352,0.0,0.0,0.0,0.0,0.0,0.0,0.0,0.0,0.0,0.0,0.0,0.0,0.0,0.0,0.0,133.99999999999997,0.0,0.0,161.00000000000003,72.0,63.00000000000001,704.0,1294.0,540.0,2984.9999999999995,7600.0,5942.0
353,0.0,0.0,0.0,0.0,0.0,0.0,0.0,0.0,0.0,182.0,0.0,0.0,0.0,0.0,0.0,72.0,60.0,0.0,181.0,52.0,0.0,454.0,1403.0,701.0,6069.0,8932.0,5214.0
354,0.0,0.0,0.0,0.0,0.0,0.0,0.0,0.0,0.0,0.0,0.0,0.0,0.0,0.0,0.0,74.0,139.0,0.0,119.99999999999999,294.0,59.0,591.0,910.0,643.0,3986.0,6506.0,5914.0
355,0.0,0.0,0.0,0.0,0.0,0.0,0.0,0.0,0.0,54.0,71.0,0.0,0.0,0.0,0.0,179.0,92.0,0.0,490.00000000000006,126.0,0.0,770.0,1803.0,649.9999999999999,5296.0,7971.0,5748.0
356,0.0,0.0,0.0,0.0,0.0,0.0,0.0,0.0,0.0,0.0,0.0,0.0,74.0,0.0,0.0,66.0,0.0,0.0,126.0,91.0,0.0,1540.0,1826.0,527.0,4639.0,7607.0,6199.0
357,0.0,0.0,0.0,0.0,0.0,0.0,0.0,0.0,0.0,0.0,0.0,0.0,0.0,0.0,0.0,92.0,105.0,0.0,424.99999999999994,289.0,0.0,608.0,1683.0,413.0,3962.0,8315.0,6763.0
358,0.0,0.0,0.0,0.0,0.0,0.0,66.0,0.0,0.0,0.0,0.0,0.0,0.0,0.0,0.0,88.0,0.0,0.0,318.0,169.0,53.0,1694.0,2066.0,318.0,4822.0,6623.0,5989.0
359,0.0,0.0,0.0,0.0,0.0,0.0,0.0,0.0,0.0,0.0,0.0,0.0,0.0,0.0,0.0,0.0,0.0,0.0,327.0,128.0,0.0,1030.0,900.0000000000001,702.0000000000001,4866.0,7233.0,6834.999999999999
360,0.0,0.0,0.0,0.0,0.0,0.0,0.0,0.0,0.0,0.0,0.0,0.0,0.0,0.0,0.0,174.0,98.0,0.0,225.0,212.99999999999997,54.0,1275.0,1406.0,530.0,6552.0,8137.0,6588.0
361,0.0,0.0,0.0,0.0,0.0,0.0,0.0,0.0,0.0,0.0,0.0,0.0,0.0,67.0,0.0,0.0,0.0,0.0,113.0,162.0,0.0,1503.9999999999998,1576.0,634.0,4461.0,7447.0,6906.0
362,0.0,0.0,0.0,0.0,0.0,0.0,0.0,0.0,0.0,94.0,0.0,0.0,0.0,0.0,0.0,0.0,66.0,0.0,114.00000000000001,129.0,0.0,1305.0,1270.0,492.0,3973.0,6490.0,6148.0
363,0.0,0.0,0.0,0.0,0.0,0.0,0.0,0.0,0.0,0.0,0.0,0.0,0.0,0.0,0.0,74.0,53.0,0.0,149.0,207.0,0.0,1429.0,1241.9999999999998,805.0,3528.0,8470.0,6486.0
364,0.0,0.0,0.0,0.0,0.0,0.0,0.0,0.0,0.0,0.0,0.0,0.0,0.0,0.0,0.0,67.0,0.0,0.0,444.0,116.0,72.0,1144.0,1684.0,570.0,6148.0,6741.0,6230.0
365,0.0,0.0,0.0,0.0,0.0,0.0,88.0,0.0,0.0,0.0,0.0,0.0,130.0,0.0,0.0,62.0,0.0,0.0,493.00000000000006,222.0,0.0,1378.0,1482.0,893.0,4397.0,6431.0,6107.0
366,0.0,0.0,0.0,0.0,0.0,0.0,0.0,0.0,0.0,72.0,0.0,0.0,0.0,0.0,0.0,189.0,0.0,0.0,70.0,229.0,69.0,1020.0000000000001,1730.9999999999998,394.00000000000006,3093.0,7461.0,6076.0
367,0.0,0.0,0.0,0.0,0.0,0.0,0.0,0.0,0.0,0.0,0.0,0.0,0.0,0.0,0.0,0.0,132.0,0.0,414.0,445.00000000000006,73.0,566.0,1193.0000000000002,875.0,4633.0,7087.999999999999,6533.0
368,0.0,0.0,0.0,0.0,0.0,0.0,68.0,0.0,0.0,0.0,0.0,0.0,70.0,66.0,0.0,83.0,0.0,0.0,454.0,255.0,64.0,695.0,1812.0,450.0,4354.0,5700.0,6640.0
369,0.0,0.0,0.0,0.0,0.0,0.0,0.0,0.0,0.0,0.0,0.0,0.0,57.0,0.0,0.0,0.0,0.0,0.0,224.00000000000003,474.0,80.00000000000001,1108.0,2013.0,903.0,5007.0,7656.0,6652.0
370,0.0,0.0,0.0,0.0,0.0,0.0,0.0,0.0,0.0,0.0,0.0,0.0,0.0,0.0,0.0,75.0,0.0,0.0,599.0,190.0,0.0,692.0,1110.0,963.0000000000001,5613.0,8372.0,7115.0
371,0.0,0.0,0.0,0.0,0.0,0.0,0.0,0.0,0.0,0.0,0.0,0.0,0.0,0.0,0.0,91.0,60.0,0.0,310.0,125.00000000000001,0.0,656.9999999999999,1480.9999999999998,315.00000000000006,3720.0000000000005,6662.0,5940.0
372,0.0,0.0,0.0,84.0,0.0,0.0,0.0,0.0,0.0,0.0,0.0,0.0,0.0,0.0,0.0,0.0,78.0,0.0,122.00000000000001,191.99999999999997,0.0,1014.0,1441.0,763.0,5919.0,7915.0,6090.0
373,0.0,0.0,0.0,0.0,0.0,0.0,0.0,0.0,0.0,0.0,54.0,0.0,0.0,0.0,0.0,119.0,77.0,0.0,236.0,434.00000000000006,97.0,731.0,1541.0,705.9999999999999,4322.999999999999,5751.0,6739.0
374,0.0,0.0,0.0,0.0,0.0,0.0,0.0,0.0,0.0,0.0,0.0,0.0,0.0,0.0,0.0,65.0,66.0,0.0,197.0,383.0,116.99999999999999,723.0000000000001,1093.0,719.0,4962.000000000001,7504.0,4999.0
375,0.0,0.0,0.0,0.0,0.0,0.0,0.0,0.0,0.0,0.0,55.0,0.0,70.0,0.0,0.0,76.0,0.0,0.0,103.0,61.0,76.0,873.0,1032.0,497.00000000000006,2646.9999999999995,7546.0,7027.0
376,0.0,0.0,0.0,0.0,0.0,0.0,0.0,0.0,0.0,0.0,0.0,0.0,116.99999999999999,0.0,0.0,156.0,0.0,0.0,80.0,251.0,60.0,541.0,1390.0000000000002,552.9999999999999,2816.0000000000005,7651.0,5925.0
377,0.0,0.0,0.0,0.0,0.0,0.0,0.0,0.0,0.0,0.0,0.0,0.0,0.0,0.0,0.0,190.0,59.0,0.0,358.0,52.0,0.0,662.0,909.0000000000001,815.0,5654.0,8115.0,6197.0
378,0.0,0.0,0.0,0.0,0.0,0.0,0.0,0.0,0.0,0.0,0.0,0.0,0.0,0.0,0.0,131.0,0.0,0.0,296.0,135.0,0.0,805.0,1580.0,473.0,2944.0000000000005,7531.0,5284.0
379,0.0,0.0,0.0,0.0,0.0,0.0,0.0,0.0,0.0,0.0,0.0,0.0,127.00000000000001,0.0,0.0,0.0,0.0,0.0,149.00000000000003,137.0,51.99999999999999,943.0,1176.0,780.0,4933.0,7908.0,6317.0
380,0.0,0.0,0.0,0.0,0.0,0.0,0.0,0.0,0.0,0.0,0.0,0.0,58.0,0.0,0.0,0.0,0.0,0.0,182.99999999999997,243.0,58.0,343.0,1252.0,240.0,3203.0000000000005,7804.0,6712.0
381,0.0,0.0,0.0,0.0,0.0,0.0,0.0,0.0,0.0,0.0,0.0,0.0,348.0,58.0,0.0,0.0,53.0,0.0,59.0,274.0,0.0,447.99999999999994,1012.0,807.0000000000001,4225.0,7266.0,5899.0
382,0.0,0.0,0.0,0.0,0.0,0.0,0.0,0.0,0.0,0.0,0.0,0.0,0.0,82.0,0.0,0.0,0.0,0.0,85.0,266.0,89.0,1242.0,1909.9999999999998,629.0,4314.0,8361.0,5374.0
383,0.0,0.0,0.0,0.0,0.0,0.0,0.0,0.0,0.0,0.0,0.0,0.0,0.0,0.0,0.0,261.0,63.0,0.0,267.99999999999994,250.0,139.0,1186.0,974.0,357.99999999999994,5532.0,7180.0,5402.0
384,0.0,0.0,0.0,0.0,0.0,0.0,74.0,0.0,0.0,0.0,0.0,0.0,0.0,0.0,0.0,89.0,0.0,0.0,324.0,330.0,0.0,954.0,1076.0,592.0,4759.0,7627.0,5396.0
385,0.0,0.0,0.0,0.0,0.0,0.0,0.0,0.0,0.0,0.0,0.0,0.0,63.0,0.0,0.0,0.0,95.99999999999999,0.0,114.0,140.0,0.0,918.0,1625.0,643.0,4830.0,9014.0,6111.0
386,0.0,0.0,0.0,0.0,0.0,0.0,0.0,0.0,0.0,0.0,0.0,0.0,0.0,0.0,0.0,266.0,0.0,0.0,161.0,225.00000000000003,0.0,1012.0,1330.0,689.0,4475.0,7064.0,5415.0
387,0.0,0.0,0.0,0.0,0.0,0.0,0.0,0.0,0.0,0.0,0.0,0.0,0.0,71.0,0.0,71.0,0.0,0.0,531.9999999999999,80.0,0.0,1102.0,1699.0,665.0,3696.0,6754.0,5935.0
388,0.0,0.0,0.0,0.0,0.0,0.0,0.0,0.0,0.0,0.0,0.0,0.0,0.0,0.0,0.0,0.0,0.0,0.0,332.00000000000006,141.0,0.0,1229.0,1241.0,645.0,3942.0,7558.0,6553.0
389,0.0,0.0,0.0,0.0,0.0,0.0,0.0,0.0,0.0,0.0,0.0,0.0,67.0,0.0,0.0,73.0,0.0,0.0,782.0,223.0,0.0,934.0,1125.0,714.0,3304.0,7732.0,6257.0
390,0.0,0.0,0.0,0.0,0.0,0.0,0.0,0.0,0.0,0.0,0.0,0.0,0.0,51.0,0.0,0.0,0.0,0.0,374.0,331.0,0.0,1678.0,1702.0,457.00000000000006,4061.0,8970.0,5059.0
391,0.0,0.0,0.0,0.0,0.0,0.0,0.0,0.0,0.0,0.0,0.0,0.0,0.0,0.0,0.0,72.0,0.0,0.0,60.00000000000001,272.0,70.0,745.0,1628.0,639.0000000000001,4588.0,6974.0,7754.0
392,0.0,0.0,0.0,0.0,0.0,0.0,0.0,0.0,0.0,99.0,0.0,0.0,0.0,0.0,0.0,75.0,97.0,0.0,117.99999999999999,251.0,0.0,1850.0,1110.0,612.0,2439.0,8475.0,7066.0
393,0.0,0.0,0.0,0.0,0.0,0.0,0.0,0.0,0.0,0.0,0.0,0.0,135.0,0.0,0.0,0.0,66.0,0.0,127.0,282.0,0.0,986.0,1116.0,552.0,3602.0,7976.0,6606.0
394,0.0,0.0,0.0,0.0,0.0,0.0,0.0,0.0,0.0,0.0,0.0,0.0,156.0,0.0,0.0,95.0,0.0,0.0,420.00000000000006,202.0,0.0,1000.0,1088.0,503.0,4738.0,8377.0,6356.0
395,0.0,0.0,0.0,0.0,0.0,0.0,0.0,0.0,0.0,0.0,51.0,0.0,381.0,0.0,0.0,77.0,0.0,0.0,283.0,202.99999999999997,70.0,1808.0,1080.0000000000002,898.0,4674.0,7152.0,6445.0
396,0.0,0.0,0.0,0.0,0.0,0.0,153.0,0.0,0.0,0.0,0.0,0.0,0.0,0.0,0.0,0.0,0.0,0.0,364.0,243.99999999999997,0.0,614.0000000000001,1473.0,585.0,4505.0,7203.0,5206.999999999999
397,0.0,0.0,0.0,0.0,0.0,0.0,0.0,0.0,0.0,64.0,0.0,0.0,0.0,0.0,0.0,0.0,0.0,0.0,187.99999999999997,210.0,0.0,787.0000000000001,1513.0,672.0,5052.0,6641.0,5648.0
398,0.0,0.0,0.0,0.0,0.0,0.0,0.0,0.0,0.0,70.0,0.0,0.0,56.0,0.0,0.0,0.0,0.0,0.0,276.0,355.00000000000006,60.00000000000001,519.0,1277.0,849.0000000000001,5262.0,8349.0,5961.0
399,0.0,0.0,0.0,0.0,0.0,0.0,0.0,0.0,0.0,54.0,0.0,0.0,158.0,0.0,0.0,56.0,0.0,0.0,247.0,424.0,0.0,1095.0,1472.0000000000002,848.0,3899.0,7066.999999999999,5948.0
400,0.0,0.0,0.0,0.0,0.0,0.0,0.0,0.0,0.0,61.99999999999999,0.0,0.0,0.0,0.0,0.0,135.0,0.0,0.0,190.00000000000003,133.0,0.0,976.9999999999999,1435.0,630.0,4639.0,7588.0,7324.0
401,0.0,0.0,0.0,0.0,0.0,0.0,0.0,0.0,0.0,66.0,0.0,0.0,0.0,0.0,0.0,236.0,0.0,0.0,166.0,172.0,77.0,1196.0,1495.0,743.0000000000001,3967.9999999999995,8118.0,6342.0
402,0.0,0.0,0.0,0.0,0.0,0.0,0.0,0.0,0.0,0.0,0.0,0.0,57.0,0.0,0.0,78.0,0.0,0.0,96.0,112.0,105.0,953.0,1287.9999999999998,618.0,4881.0,6922.000000000001,5740.0
403,0.0,0.0,0.0,0.0,0.0,0.0,0.0,0.0,0.0,0.0,0.0,0.0,0.0,0.0,0.0,0.0,0.0,0.0,109.0,228.99999999999997,137.0,1819.0,1249.0,1137.9999999999998,7813.0,6942.0,6026.0
404,0.0,0.0,0.0,0.0,0.0,0.0,0.0,0.0,0.0,0.0,0.0,0.0,0.0,0.0,0.0,0.0,77.0,0.0,95.99999999999999,187.99999999999997,0.0,673.0,1292.0,502.0,4219.0,6592.0,6639.0
405,0.0,0.0,0.0,0.0,0.0,0.0,0.0,0.0,0.0,0.0,0.0,0.0,0.0,0.0,0.0,0.0,68.0,0.0,225.0,121.0,70.0,681.0,836.0,527.0,4803.0,7382.0,5916.0
406,0.0,0.0,0.0,0.0,0.0,0.0,0.0,0.0,0.0,0.0,0.0,0.0,0.0,0.0,0.0,88.0,0.0,0.0,248.00000000000003,76.0,135.0,1785.0,1413.0,449.00000000000006,3781.0000000000005,6876.0,5410.0
407,0.0,0.0,0.0,0.0,0.0,0.0,0.0,0.0,0.0,0.0,0.0,0.0,62.0,0.0,0.0,0.0,64.0,0.0,167.0,184.0,97.0,1219.0,1542.0,716.0,4478.0,7157.0,5431.0
408,0.0,0.0,0.0,0.0,0.0,0.0,0.0,0.0,0.0,0.0,0.0,0.0,0.0,0.0,0.0,133.0,0.0,0.0,189.00000000000003,185.0,0.0,987.0,878.0,536.0,4513.0,7133.0,5138.0
409,0.0,0.0,0.0,0.0,0.0,0.0,0.0,0.0,0.0,0.0,0.0,0.0,0.0,0.0,0.0,0.0,57.0,0.0,124.0,195.0,0.0,976.0,2175.0,693.0,4759.0,6232.0,5643.0
410,0.0,0.0,0.0,0.0,0.0,0.0,0.0,0.0,0.0,0.0,0.0,0.0,0.0,0.0,0.0,52.99999999999999,0.0,0.0,130.0,438.0,64.0,461.0,1056.0,993.0,5275.0,6847.0,5490.0
411,0.0,0.0,0.0,0.0,0.0,0.0,0.0,0.0,0.0,0.0,0.0,0.0,0.0,0.0,0.0,0.0,0.0,0.0,105.0,478.0,76.0,625.0,866.0,594.0,3785.0,8457.0,5563.0
412,0.0,0.0,0.0,0.0,0.0,0.0,0.0,0.0,0.0,0.0,0.0,0.0,0.0,0.0,0.0,68.0,103.0,0.0,200.0,267.00000000000006,84.00000000000001,1048.0,1060.0,582.0,2807.0,6974.0,6048.0
413,0.0,0.0,0.0,0.0,0.0,0.0,0.0,0.0,0.0,0.0,0.0,0.0,0.0,0.0,0.0,0.0,80.0,54.0,236.0,122.00000000000001,0.0,602.0000000000001,1291.0,720.0,4550.0,7117.0,6447.0
414,0.0,0.0,0.0,0.0,0.0,0.0,0.0,0.0,0.0,0.0,0.0,0.0,0.0,0.0,0.0,0.0,52.0,0.0,201.0,152.0,58.0,711.0,1059.0,635.0,5472.0,7935.0,5889.0
415,0.0,0.0,0.0,0.0,0.0,0.0,0.0,0.0,0.0,0.0,0.0,0.0,63.0,0.0,0.0,239.0,0.0,0.0,141.0,55.0,75.0,987.0,1131.0,853.0,4031.0,7972.0,6257.0
416,0.0,0.0,0.0,0.0,0.0,0.0,0.0,0.0,0.0,0.0,0.0,0.0,0.0,0.0,0.0,90.0,0.0,0.0,271.0,247.00000000000003,0.0,1752.0,1530.0,688.0000000000001,2966.0,8405.0,4580.0
417,0.0,0.0,0.0,0.0,0.0,0.0,0.0,0.0,0.0,0.0,0.0,0.0,0.0,0.0,0.0,0.0,0.0,0.0,119.0,174.00000000000003,0.0,847.0,1848.0,865.0,5740.0,7201.0,5624.0
418,0.0,0.0,0.0,0.0,0.0,0.0,0.0,0.0,0.0,0.0,0.0,0.0,0.0,0.0,0.0,0.0,79.0,0.0,220.0,123.0,75.0,221.0,1276.0,577.0,4507.0,7131.0,7560.0
419,0.0,0.0,0.0,0.0,0.0,0.0,0.0,0.0,0.0,0.0,0.0,0.0,0.0,0.0,0.0,0.0,206.0,0.0,78.0,158.00000000000003,0.0,668.0,1226.0,676.9999999999999,4978.0,6671.0,6396.0
420,0.0,0.0,0.0,0.0,0.0,0.0,0.0,0.0,0.0,0.0,0.0,0.0,0.0,0.0,0.0,0.0,0.0,0.0,273.0,181.00000000000003,0.0,696.0,1621.0,636.0,5555.0,8270.0,5935.0
421,0.0,0.0,0.0,0.0,0.0,0.0,323.0,0.0,0.0,0.0,0.0,0.0,0.0,0.0,0.0,157.0,59.0,0.0,458.00000000000006,200.00000000000003,76.0,994.0000000000001,1788.9999999999998,678.0,5534.0,7208.0,6376.0
422,0.0,0.0,0.0,0.0,0.0,0.0,0.0,0.0,0.0,0.0,0.0,0.0,66.0,0.0,0.0,130.0,56.0,0.0,446.0,248.0,0.0,1049.0,1221.0000000000002,657.0,5251.0,6331.0,6282.0
423,0.0,0.0,0.0,0.0,0.0,0.0,0.0,0.0,0.0,0.0,0.0,0.0,0.0,91.0,0.0,0.0,73.0,0.0,261.0,154.0,0.0,1050.0,1049.0,646.0,4012.9999999999995,8247.0,5681.0
424,0.0,0.0,0.0,0.0,0.0,0.0,0.0,0.0,0.0,0.0,57.0,0.0,0.0,0.0,0.0,0.0,0.0,0.0,774.0,188.0,0.0,455.00000000000006,1537.0000000000002,595.0,2248.0,7606.0,5695.0
425,0.0,0.0,0.0,0.0,0.0,0.0,0.0,0.0,0.0,0.0,0.0,0.0,0.0,0.0,0.0,109.0,148.0,0.0,78.0,134.0,51.00000000000001,465.99999999999994,1123.0000000000002,415.0,3976.0,6689.0,6794.0
426,0.0,0.0,0.0,0.0,0.0,0.0,0.0,0.0,0.0,128.0,0.0,0.0,0.0,74.0,0.0,142.0,68.0,0.0,409.00000000000006,330.0,160.0,1378.0,1207.0,650.0,6172.0,6670.0,5403.0
427,0.0,0.0,0.0,0.0,0.0,0.0,0.0,0.0,0.0,0.0,0.0,0.0,182.0,0.0,0.0,0.0,0.0,0.0,57.0,233.99999999999997,74.0,1042.0,1288.0,803.0,5778.0,7312.0,6780.0
428,0.0,0.0,0.0,0.0,0.0,0.0,0.0,0.0,0.0,95.0,64.0,0.0,0.0,0.0,0.0,166.0,255.0,0.0,264.0,502.00000000000006,0.0,581.0,1655.0000000000002,500.0,5019.0,8467.0,5681.0
429,0.0,0.0,0.0,0.0,0.0,0.0,0.0,0.0,0.0,0.0,0.0,0.0,89.0,0.0,0.0,74.0,0.0,0.0,398.0,268.0,66.0,1265.0000000000002,2317.0,721.9999999999999,4036.0,6423.0,5913.0
430,0.0,0.0,0.0,0.0,0.0,0.0,0.0,0.0,0.0,0.0,0.0,0.0,0.0,0.0,0.0,0.0,52.0,0.0,0.0,166.0,133.0,784.9999999999999,1410.0,580.0,4180.0,7117.0,5488.0
431,0.0,0.0,0.0,0.0,0.0,0.0,0.0,0.0,0.0,0.0,0.0,0.0,0.0,67.0,0.0,64.0,0.0,0.0,165.0,208.0,0.0,1025.0,1251.9999999999998,452.00000000000006,3084.0,7809.0,5504.000000000001
432,0.0,0.0,0.0,0.0,0.0,0.0,0.0,0.0,0.0,53.0,0.0,0.0,0.0,0.0,0.0,66.0,0.0,0.0,157.0,123.0,77.0,1329.0,1369.0,769.0000000000001,3790.0000000000005,7157.0,7526.0
433,0.0,0.0,0.0,0.0,0.0,0.0,0.0,0.0,0.0,0.0,0.0,0.0,0.0,0.0,0.0,0.0,0.0,0.0,160.0,124.0,0.0,856.0,1434.0,897.0,6263.999999999999,7535.0,6501.0
434,0.0,0.0,0.0,0.0,0.0,0.0,0.0,0.0,0.0,66.0,0.0,0.0,0.0,0.0,0.0,0.0,54.00000000000001,0.0,374.0,255.99999999999997,0.0,999.0,1870.0,662.0,4952.000000000001,6941.0,5969.0
435,0.0,0.0,0.0,0.0,0.0,0.0,0.0,0.0,0.0,0.0,0.0,0.0,0.0,87.0,0.0,0.0,71.0,0.0,193.0,371.0,0.0,801.0,1015.0000000000001,891.0000000000001,5277.0,7099.0,6625.0
436,0.0,0.0,0.0,0.0,0.0,0.0,0.0,0.0,0.0,0.0,0.0,0.0,121.0,0.0,0.0,70.0,0.0,0.0,67.0,363.00000000000006,117.0,1613.0,1896.0,471.0,4101.0,7680.0,5531.0
437,0.0,0.0,0.0,0.0,0.0,0.0,0.0,0.0,0.0,54.0,0.0,0.0,0.0,0.0,0.0,78.0,0.0,0.0,81.0,232.00000000000003,64.0,759.0,1727.0,712.0,3666.0000000000005,7820.0,5215.0
438,0.0,0.0,0.0,0.0,0.0,0.0,0.0,0.0,0.0,0.0,0.0,0.0,0.0,0.0,0.0,57.0,0.0,0.0,112.0,207.00000000000003,0.0,999.0,1010.0,789.0,4177.0,6640.0,5913.0
439,140.0,0.0,0.0,0.0,0.0,0.0,0.0,0.0,0.0,0.0,0.0,0.0,0.0,0.0,0.0,0.0,57.99999999999999,0.0,348.0,76.0,0.0,359.0,877.0,880.0,3931.0,7550.000000000001,5736.0
440,0.0,0.0,0.0,0.0,0.0,0.0,0.0,0.0,0.0,0.0,0.0,0.0,0.0,0.0,0.0,54.0,0.0,0.0,0.0,144.0,69.0,1252.0,1225.0,481.99999999999994,2828.0,7097.999999999999,6694.0
441,0.0,0.0,0.0,0.0,0.0,0.0,0.0,0.0,0.0,0.0,0.0,0.0,132.0,0.0,0.0,0.0,0.0,0.0,239.0,83.0,0.0,227.0,1829.0,866.0000000000001,4832.0,5455.0,6968.0
442,0.0,0.0,0.0,0.0,0.0,0.0,0.0,0.0,0.0,0.0,0.0,0.0,0.0,0.0,0.0,303.0,69.0,0.0,319.0,299.0,96.0,812.0000000000001,1420.0,599.0,3204.0,7432.0,5799.0
443,0.0,0.0,0.0,0.0,0.0,0.0,0.0,0.0,0.0,0.0,0.0,0.0,0.0,0.0,0.0,90.0,0.0,0.0,430.00000000000006,342.00000000000006,74.0,902.0,1063.0,547.0,6183.0,7946.0,5853.0
444,0.0,0.0,0.0,0.0,0.0,0.0,0.0,0.0,0.0,56.00000000000001,0.0,0.0,51.99999999999999,0.0,0.0,0.0,0.0,0.0,259.0,60.0,78.0,1552.0,1448.0,752.0,5416.0,7385.0,5726.0
445,0.0,0.0,0.0,0.0,0.0,0.0,0.0,0.0,0.0,0.0,60.0,0.0,241.0,0.0,0.0,54.0,0.0,0.0,109.0,302.0,64.0,353.0,1699.0,836.0000000000001,6557.0,7476.0,6567.0
446,0.0,0.0,0.0,0.0,0.0,0.0,0.0,0.0,0.0,0.0,0.0,0.0,0.0,0.0,0.0,62.0,0.0,0.0,438.00000000000006,320.0,0.0,378.00000000000006,1727.0000000000002,561.0,3912.0,7875.0,6806.0
447,0.0,0.0,0.0,0.0,0.0,0.0,0.0,0.0,0.0,0.0,0.0,0.0,0.0,0.0,0.0,0.0,56.0,0.0,199.00000000000003,170.0,0.0,708.0,1225.0,941.9999999999999,6016.999999999999,8587.0,5720.0
448,64.0,0.0,0.0,0.0,0.0,0.0,51.0,0.0,0.0,0.0,0.0,0.0,0.0,0.0,0.0,71.0,83.0,0.0,234.0,0.0,61.00000000000001,1181.0,896.0,530.0,3348.9999999999995,7422.0,6125.000000000001
449,0.0,0.0,0.0,0.0,0.0,0.0,0.0,0.0,0.0,0.0,0.0,0.0,0.0,0.0,0.0,105.0,152.0,0.0,69.0,124.0,91.0,655.0,2157.0,325.0,5359.0,7648.0,5894.0
450,0.0,0.0,0.0,0.0,0.0,0.0,0.0,0.0,0.0,0.0,0.0,0.0,56.00000000000001,0.0,0.0,95.0,0.0,0.0,232.99999999999997,331.0,88.0,489.0,1745.9999999999998,456.00000000000006,3865.0,8165.0,6661.0
451,0.0,0.0,0.0,0.0,0.0,0.0,0.0,0.0,0.0,0.0,0.0,0.0,0.0,0.0,0.0,115.0,69.0,0.0,185.0,241.0,0.0,1666.0000000000002,1007.0,954.0000000000001,4241.0,8757.0,5847.0
452,0.0,0.0,0.0,0.0,0.0,0.0,0.0,0.0,0.0,0.0,0.0,0.0,0.0,0.0,0.0,0.0,76.0,0.0,126.0,403.0,98.99999999999999,1144.0,1406.0,1090.0,5045.0,7119.0,5670.0
453,0.0,0.0,0.0,0.0,0.0,0.0,0.0,0.0,0.0,0.0,0.0,0.0,0.0,0.0,0.0,133.99999999999997,55.0,0.0,238.99999999999997,393.0,109.0,1108.0000000000002,1021.0000000000001,640.0,3766.0,5712.0,6607.0
454,0.0,0.0,0.0,0.0,0.0,0.0,0.0,0.0,0.0,0.0,0.0,0.0,0.0,64.0,0.0,192.00000000000003,0.0,0.0,75.0,96.0,0.0,644.9999999999999,1363.9999999999998,661.0,4305.0,6852.0,5908.0
455,0.0,0.0,0.0,0.0,0.0,0.0,0.0,0.0,0.0,0.0,0.0,0.0,0.0,0.0,0.0,52.0,59.0,0.0,132.0,298.99999999999994,63.0,768.0,1482.0,603.0,4264.0,7133.0,4181.0
456,0.0,0.0,0.0,0.0,0.0,0.0,0.0,0.0,0.0,0.0,0.0,0.0,0.0,0.0,0.0,0.0,186.0,0.0,378.0,245.0,65.0,615.0,1786.0,1047.0,5626.0,7333.0,6211.0
457,0.0,0.0,0.0,0.0,0.0,0.0,0.0,0.0,0.0,0.0,0.0,0.0,0.0,0.0,0.0,57.0,0.0,0.0,156.0,306.0,77.0,2304.0,1260.0000000000002,729.0000000000001,3826.0000000000005,7342.0,6257.0
458,0.0,0.0,0.0,0.0,0.0,0.0,0.0,0.0,0.0,0.0,0.0,0.0,0.0,0.0,0.0,0.0,143.0,0.0,675.0,139.0,149.0,1180.0,885.0,521.0,5904.0,7243.0,7210.0
459,0.0,0.0,0.0,0.0,0.0,0.0,0.0,0.0,0.0,0.0,0.0,0.0,0.0,0.0,0.0,55.00000000000001,0.0,0.0,315.0,207.99999999999997,123.0,1346.0,982.0,727.0,5011.0,6665.0,5881.0
460,0.0,0.0,0.0,0.0,0.0,0.0,0.0,0.0,0.0,97.0,0.0,0.0,0.0,0.0,0.0,64.0,55.0,0.0,111.0,465.0,0.0,1665.0,974.0000000000001,461.0,2813.0,7708.0,5907.0
461,0.0,0.0,0.0,0.0,0.0,0.0,0.0,0.0,0.0,0.0,0.0,0.0,0.0,0.0,0.0,0.0,87.0,0.0,53.0,212.0,0.0,907.0,1836.0,614.0000000000001,4826.0,7656.0,6269.0
462,0.0,0.0,0.0,0.0,0.0,0.0,0.0,0.0,0.0,0.0,0.0,0.0,0.0,0.0,0.0,102.99999999999999,74.0,0.0,136.0,419.00000000000006,108.00000000000001,691.0,1323.0000000000002,779.0,5408.0,7075.0,6239.0
463,0.0,0.0,0.0,0.0,0.0,0.0,0.0,0.0,0.0,0.0,0.0,0.0,0.0,0.0,0.0,414.0,0.0,0.0,230.0,406.0,106.0,1119.0,1270.0,720.0,4029.0,7009.0,5686.0
464,0.0,0.0,0.0,0.0,0.0,0.0,0.0,0.0,0.0,0.0,0.0,0.0,0.0,58.0,0.0,63.0,71.0,0.0,492.00000000000006,136.0,84.0,2075.0,1403.0,598.0,5951.0,6660.0,6096.0
465,0.0,0.0,0.0,0.0,0.0,0.0,0.0,0.0,0.0,0.0,0.0,0.0,0.0,0.0,0.0,0.0,72.0,0.0,259.0,205.99999999999997,161.0,1175.0,1235.0,260.0,4941.0,7094.0,5159.0
466,0.0,0.0,0.0,0.0,0.0,0.0,0.0,0.0,0.0,0.0,0.0,0.0,125.0,0.0,0.0,54.00000000000001,67.0,0.0,53.0,142.0,90.0,1681.0,1432.0,574.0,5181.000000000001,8656.0,6869.0
467,0.0,0.0,0.0,0.0,0.0,0.0,0.0,0.0,0.0,0.0,0.0,0.0,0.0,0.0,0.0,128.0,0.0,0.0,337.0,160.0,145.0,796.0,2146.0,748.0,5388.0,7365.0,5537.0
468,0.0,0.0,0.0,0.0,0.0,0.0,0.0,0.0,0.0,0.0,0.0,0.0,0.0,0.0,0.0,0.0,0.0,0.0,247.0,541.0,69.0,868.0,1395.0,681.0,4316.0,7296.0,6533.0
469,0.0,0.0,0.0,0.0,0.0,0.0,0.0,0.0,0.0,116.00000000000001,0.0,0.0,391.0,0.0,0.0,177.0,0.0,0.0,114.0,238.00000000000003,93.0,979.0,2310.0,838.0,4344.0,7957.0,5999.0
470,0.0,0.0,0.0,0.0,0.0,0.0,0.0,0.0,0.0,0.0,0.0,0.0,70.0,0.0,0.0,143.0,0.0,0.0,229.0,337.00000000000006,51.0,1298.0,1164.0,400.0,4460.0,8267.0,5196.999999999999
471,0.0,0.0,0.0,0.0,0.0,0.0,52.0,0.0,0.0,0.0,0.0,0.0,0.0,0.0,0.0,62.0,0.0,0.0,57.0,207.00000000000003,113.0,876.0,622.0000000000001,742.0,6425.0,6636.0,5460.0
472,0.0,0.0,0.0,0.0,0.0,0.0,0.0,0.0,0.0,0.0,0.0,0.0,63.0,0.0,0.0,117.0,64.0,0.0,241.00000000000006,194.00000000000003,58.00000000000001,360.0,958.0,985.0,4014.0,7661.0,6006.0
473,0.0,0.0,0.0,0.0,0.0,0.0,0.0,0.0,0.0,0.0,0.0,0.0,0.0,75.0,0.0,0.0,102.0,0.0,219.00000000000003,326.0,58.00000000000001,1222.0,1558.0000000000002,979.0,2919.0,6745.0,6641.0
474,0.0,0.0,0.0,0.0,0.0,0.0,0.0,0.0,0.0,0.0,0.0,0.0,107.0,0.0,0.0,105.0,0.0,0.0,208.0,201.0,0.0,684.0,1379.0,689.0,4195.0,9150.0,6726.0
475,0.0,0.0,0.0,0.0,0.0,0.0,0.0,0.0,0.0,0.0,0.0,0.0,72.0,0.0,0.0,92.0,0.0,0.0,514.9999999999999,82.0,55.0,1418.0,1040.0,709.0,3477.0,8776.0,6131.0
476,0.0,0.0,0.0,0.0,0.0,0.0,0.0,0.0,0.0,0.0,0.0,0.0,0.0,0.0,0.0,66.0,57.00000000000001,0.0,82.0,214.0,78.0,1674.0,1665.0,585.0,6111.0,7204.0,5364.0
477,0.0,0.0,0.0,0.0,0.0,0.0,0.0,0.0,0.0,0.0,0.0,0.0,0.0,0.0,0.0,75.0,0.0,0.0,68.0,283.0,0.0,1506.0,1099.0,669.0,6391.0,8209.0,6052.0
478,0.0,0.0,0.0,0.0,0.0,0.0,0.0,0.0,0.0,0.0,0.0,0.0,0.0,0.0,0.0,72.0,145.0,0.0,722.0,365.0,83.0,1042.0,1452.0,557.0,5139.0,7897.0,5295.0
479,0.0,0.0,0.0,0.0,0.0,0.0,0.0,0.0,0.0,0.0,0.0,0.0,0.0,0.0,0.0,0.0,76.0,0.0,0.0,377.0,0.0,1425.9999999999998,1518.0,536.9999999999999,6376.0,8160.0,5965.0
480,0.0,0.0,0.0,0.0,53.0,0.0,0.0,0.0,0.0,86.0,0.0,0.0,98.0,0.0,0.0,67.0,57.0,0.0,298.0,385.0,84.0,1605.0,886.0000000000001,809.0000000000001,5685.0,7793.0,6069.0
481,0.0,0.0,0.0,0.0,0.0,0.0,0.0,0.0,0.0,0.0,57.0,0.0,77.0,0.0,0.0,59.0,71.0,0.0,274.0,225.00000000000003,84.0,596.0,1304.0000000000002,902.9999999999999,6502.0,8173.0,6974.0
482,0.0,0.0,0.0,0.0,0.0,0.0,0.0,0.0,0.0,0.0,0.0,0.0,0.0,0.0,0.0,156.0,0.0,0.0,178.0,0.0,55.0,768.0,882.0,429.0,4656.0,7439.000000000001,6257.0
483,0.0,0.0,0.0,0.0,0.0,0.0,0.0,0.0,0.0,0.0,0.0,0.0,107.0,0.0,0.0,59.0,0.0,0.0,257.0,172.0,0.0,1993.0,967.0000000000001,1223.0,3828.0000000000005,6695.0,5746.0
484,0.0,0.0,0.0,0.0,0.0,0.0,0.0,0.0,0.0,0.0,0.0,0.0,82.0,0.0,0.0,107.00000000000001,70.0,0.0,696.0,194.0,198.0,208.99999999999997,1039.0,796.0,4042.9999999999995,6967.0,5886.0
485,0.0,0.0,0.0,0.0,0.0,0.0,0.0,0.0,0.0,0.0,0.0,0.0,0.0,0.0,0.0,0.0,0.0,0.0,127.00000000000001,128.0,62.00000000000001,1354.9999999999998,1108.0,337.0,4719.0,7895.0,6567.0
486,0.0,0.0,0.0,0.0,0.0,0.0,0.0,0.0,0.0,0.0,0.0,0.0,0.0,0.0,0.0,62.0,0.0,0.0,95.00000000000001,304.0,0.0,1564.0000000000002,1515.9999999999998,671.0,5573.0,4589.0,6133.0
487,0.0,0.0,0.0,0.0,0.0,0.0,0.0,0.0,0.0,93.0,0.0,0.0,53.0,0.0,0.0,0.0,0.0,0.0,234.0,522.0,112.0,1596.0,1765.0,759.0,5150.0,7220.0,5551.0
488,0.0,0.0,0.0,0.0,0.0,0.0,0.0,0.0,0.0,0.0,0.0,0.0,0.0,0.0,0.0,86.0,149.0,0.0,329.0,169.0,69.0,1288.0,1374.0,529.0,3781.0,8951.0,6219.999999999999
489,0.0,0.0,0.0,0.0,0.0,0.0,0.0,0.0,0.0,0.0,69.0,0.0,0.0,57.00000000000001,0.0,0.0,0.0,0.0,154.0,278.0,130.0,533.0,1248.0,465.0,3289.0,8388.0,5204.0
490,0.0,0.0,0.0,0.0,0.0,0.0,0.0,0.0,0.0,0.0,0.0,0.0,53.0,0.0,0.0,198.00000000000003,120.0,0.0,485.00000000000006,304.0,60.99999999999999,815.0000000000001,817.0000000000001,478.00000000000006,2810.0,7587.0,5648.0
491,0.0,0.0,0.0,0.0,0.0,0.0,0.0,0.0,0.0,0.0,0.0,0.0,0.0,0.0,0.0,0.0,0.0,0.0,184.00000000000003,365.00000000000006,55.0,1308.0,1555.0,766.0,5146.0,8466.0,5606.0
492,0.0,0.0,0.0,0.0,0.0,0.0,0.0,0.0,0.0,0.0,0.0,0.0,0.0,0.0,0.0,0.0,0.0,0.0,364.99999999999994,337.0,0.0,1094.0,1359.0,649.0,4021.0,7745.0,4891.0
493,0.0,0.0,0.0,0.0,0.0,0.0,0.0,0.0,0.0,0.0,0.0,0.0,0.0,0.0,0.0,0.0,0.0,0.0,177.0,137.0,0.0,394.99999999999994,1453.0,681.0000000000001,5215.0,7987.0,6029.0
494,0.0,0.0,0.0,0.0,0.0,0.0,0.0,0.0,0.0,0.0,0.0,0.0,54.0,0.0,0.0,130.0,68.0,0.0,161.0,348.0,0.0,573.9999999999999,981.0,698.0,6084.0,7222.0,6457.0
